fat_per_100,carbohydrate_per_100,protein_per_100,serving_value,serving_unit,ingredient_1,ingredient_2,ingredient_3,ingredient_4,ingredient_5,ingredient_6,ingredient_7,ingredient_8,ingredient_9,ingredient_10,ingredient_11,energy_per_100,error_nutricional,%peso_ingredient_1,%peso_ingredient_2,%peso_ingredient_3,%peso_ingredient_4,%peso_ingredient_5,%peso_ingredient_6,%peso_ingredient_7,%peso_ingredient_8,%peso_ingredient_9,%peso_ingredient_10,%peso_ingredient_11,water_use_product
13.0,44.6,9.7,40,g,palm oil,rapeseed oil,0,0,0,0,0,0,0,0,0,334.2,288225.09,100.0,0.0,,,,,,,,,,6.4
64.5,1.0,0.7,0,0,milk,0,0,0,0,0,0,0,0,0,0,587.3,280761.0937999999,100.0,,,,,,,,,,,628.2
6.5,44.1,9.0,0,0,butter,olive oil,palm oil,rapeseed oil,0,0,0,0,0,0,0,270.9,285758.90486562497,25.0,25.0,25.0,25.0,,,,,,,,599.1375
8.0,22.0,4.8,0,0,maize,palm oil,rapeseed oil,0,0,0,0,0,0,0,0,179.2,279834.9644660854,33.33333333333333,33.33333333333333,33.33333333333333,,,,,,,,,153.2666666666666
9.4,4.7,3.6,50,g,sunflower oil,rapeseed oil,0,0,0,0,0,0,0,0,0,117.8,595305.8500000001,50.0,50.0,,,,,,,,,,622.8
2.2,8.3,2.5,250,ml,cane,sunflower oil,0,0,0,0,0,0,0,0,0,63.0,335225.646025,50.0,50.0,,,,,,,,,,814.0
99.8,0.0,0.0,0,0,pork,0,0,0,0,0,0,0,0,0,0,898.1999999999999,277076.3009999999,100.0,,,,,,,,,,,1795.8
2.4,43.1,3.8,150,g,rice,rapeseed oil,sunflower oil,0,0,0,0,0,0,0,0,209.2,255890.0044972222,33.33333333333333,33.33333333333333,33.33333333333333,,,,,,,,,1164.6666666666665
6.6,59.2,8.9,50,g,olive oil,rapeseed oil,palm oil,0,0,0,0,0,0,0,0,331.8,293419.45,100.0,0.0,0.0,,,,,,,,,2141.8
3.1,48.4,7.9,104,g,palm oil,rapeseed oil,0,0,0,0,0,0,0,0,0,253.1,382553.79,100.0,0.0,,,,,,,,,,6.4
8.0,21.7,4.8,0,0,maize,palm oil,rapeseed oil,0,0,0,0,0,0,0,0,178.0,281100.0991327254,33.33333333333333,33.33333333333333,33.33333333333333,,,,,,,,,153.2666666666666
31.7,2.3,0.1,10,g,olive oil,rapeseed oil,palm oil,0,0,0,0,0,0,0,0,294.90000000000003,326272.6000009079,99.99999999636076,2.074512545253981e-09,1.5647167480974111e-09,,,,,,,,,2141.799999927086
70.0,0.6,0.6,10,g,milk,0,0,0,0,0,0,0,0,0,0,634.8,333723.30779999995,100.0,,,,,,,,,,,628.2
77.2,0.5,0.3,0,0,milk,0,0,0,0,0,0,0,0,0,0,698.0000000000001,411261.0858000001,100.0,,,,,,,,,,,628.2
1.0,10.0,0.1,0,0,rice,sunflower oil,0,0,0,0,0,0,0,0,0,49.4,333515.35636875004,50.0,50.0,,,,,,,,,,1628.15
7.7,51.2,9.0,31,g,rapeseed oil,palm oil,0,0,0,0,0,0,0,0,0,310.1,315815.34,100.0,0.0,,,,,,,,,,237.7
7.3,48.0,7.4,160,g,rapeseed oil,palm oil,0,0,0,0,0,0,0,0,0,287.3,341232.14,100.0,0.0,,,,,,,,,,237.7
0.0,0.8,0.5,10,g,rapeseed oil,palm oil,milk,0,0,0,0,0,0,0,0,5.2,361160.1155333333,33.33333333333333,33.33333333333333,33.33333333333333,,,,,,,,,290.76666666666665
1.0,9.9,0.1,0,0,rice,sunflower oil,0,0,0,0,0,0,0,0,0,49.0,333981.24786875,50.0,50.0,,,,,,,,,,1628.15
0.0,1.9,0.0,0,0,sunflower oil,egg,0,0,0,0,0,0,0,0,0,7.6,258974.730025,50.0,50.0,,,,,,,,,,792.8
2.2,53.1,10.6,4,0,rapeseed oil,butter,olive oil,0,0,0,0,0,0,0,0,274.6,260731.11664999984,33.33333333333333,33.33333333333333,33.33333333333333,,,,,,,,,796.7166666666666
1.0,9.5,0.1,0,0,rice,sunflower oil,0,0,0,0,0,0,0,0,0,47.4,335848.21386875,50.0,50.0,,,,,,,,,,1628.15
0.0,2.7,0.0,10,g,rapeseed oil,palm oil,0,0,0,0,0,0,0,0,0,10.8,734548.7300000001,100.0,0.0,,,,,,,,,,237.7
11.2,40.5,2.6,0,0,butter,palm oil,rapeseed oil,0,0,0,0,0,0,0,0,273.2,252155.81664999996,33.33333333333333,33.33333333333333,33.33333333333333,,,,,,,,,84.91666666666664
0.0,0.0,0.0,0,0,palm oil,rapeseed oil,0,0,0,0,0,0,0,0,0,0.0,753044.0,100.0,0.0,,,,,,,,,,6.4
4.0,18.0,4.4,115,g,butter,rapeseed oil,0,0,0,0,0,0,0,0,0,125.6,360773.1484624999,50.0,50.0,,,,,,,,,,124.175
2.1,5.0,2.9,168,g,peas,butter,rapeseed oil,0,0,0,0,0,0,0,0,50.5,255239.3048194445,33.33333333333333,33.33333333333333,33.33333333333333,,,,,,,,,214.9833333333333
10.7,34.8,3.1,87,g,butter,palm oil,rapeseed oil,0,0,0,0,0,0,0,0,247.9,277510.54665,33.33333333333333,33.33333333333333,33.33333333333333,,,,,,,,,84.91666666666664
7.7,33.2,3.1,136,g,butter,palm oil,rapeseed oil,0,0,0,0,0,0,0,0,214.5,313740.4733166666,33.33333333333333,33.33333333333333,33.33333333333333,,,,,,,,,84.91666666666664
7.8,52.6,7.2,50,g,palm oil,rapeseed oil,0,0,0,0,0,0,0,0,0,309.40000000000003,316686.1999999999,100.0,0.0,,,,,,,,,,6.4
2.7,14.5,2.3,108,g,rapeseed oil,butter,0,0,0,0,0,0,0,0,0,91.5,402652.3534624999,50.0,50.0,,,,,,,,,,124.175
0.0,5.4,14.0,100,g,rapeseed oil,sunflower oil,onion,0,0,0,0,0,0,0,0,77.6,278707.79483093467,33.33333333333333,33.33333333333333,33.33333333333333,,,,,,,,,419.9666666666665
14.8,53.4,4.0,115,g,palm oil,sunflower oil,0,0,0,0,0,0,0,0,0,362.8,259327.24,100.0,0.0,,,,,,,,,,6.4
7.9,14.0,2.8,100,g,peas,rapeseed oil,olive oil,0,0,0,0,0,0,0,0,138.3,277227.6237583334,33.33333333333333,33.33333333333333,33.33333333333333,,,,,,,,,925.3666666666666
3.0,7.2,1.5,62,g,tomato,rapeseed oil,olive oil,0,0,0,0,0,0,0,0,61.8,288756.0609444444,33.33333333333333,33.33333333333333,33.33333333333333,,,,,,,,,916.4333333333332
11.9,27.5,7.2,0,0,olive oil,palm oil,rapeseed oil,0,0,0,0,0,0,0,0,245.90000000000003,388148.9099999999,100.0,0.0,0.0,,,,,,,,,2141.8
8.0,22.7,3.2,0,0,rapeseed oil,rice,palm oil,0,0,0,0,0,0,0,0,175.6,281983.0198305554,33.33333333333333,33.33333333333333,33.33333333333333,,,,,,,,,830.8333333333333
0.0,0.0,0.0,0,0,peas,rapeseed oil,0,0,0,0,0,0,0,0,0,0.0,305749.75545625,50.0,50.0,,,,,,,,,,317.15
12.7,18.8,9.6,0,0,sunflower oil,rapeseed oil,0,0,0,0,0,0,0,0,0,227.9,438534.1,50.0,50.0,,,,,,,,,,622.8
34.2,2.5,11.6,1,0,sunflower oil,olive oil,0,0,0,0,0,0,0,0,0,364.2,274662.49,50.0,50.0,,,,,,,,,,1574.8500000000001
9.6,37.9,11.2,0,0,rapeseed oil,palm oil,sunflower seeds,0,0,0,0,0,0,0,0,282.79999999999995,250406.67533333332,33.33333333333333,33.33333333333333,33.33333333333333,,,,,,,,,268.3952380999999
6.1,40.3,9.9,50,g,rapeseed oil,palm oil,0,0,0,0,0,0,0,0,0,255.7,378139.0,100.0,0.0,,,,,,,,,,237.7
2.2,45.6,8.1,0,0,rapeseed oil,palm oil,0,0,0,0,0,0,0,0,0,234.6,405340.57,100.0,0.0,,,,,,,,,,237.7
2.9,36.7,11.9,40,g,rapeseed oil,palm oil,0,0,0,0,0,0,0,0,0,220.5,422439.160058099,99.99999979416512,2.0583486234904139e-07,,,,,,,,,,237.6999995239039
2.2,45.6,8.1,50,g,rapeseed oil,palm oil,0,0,0,0,0,0,0,0,0,234.6,405340.57,100.0,0.0,,,,,,,,,,237.7
2.5,39.0,9.6,36,g,rapeseed oil,palm oil,0,0,0,0,0,0,0,0,0,216.9,427273.42,100.0,0.0,,,,,,,,,,237.7
1.3,45.5,8.6,44,g,palm oil,rapeseed oil,0,0,0,0,0,0,0,0,0,228.1,413715.1101251808,99.99999955118832,4.488116783336684e-07,,,,,,,,,,6.400001038101412
3.4,38.7,11.0,68,g,rapeseed oil,palm oil,0,0,0,0,0,0,0,0,0,229.4,411133.01,100.0,0.0,,,,,,,,,,237.7
3.6,47.1,8.4,68,g,rapeseed oil,palm oil,0,0,0,0,0,0,0,0,0,254.4,380759.69,100.0,0.0,,,,,,,,,,237.7
2.3,46.0,7.9,44,g,rapeseed oil,palm oil,0,0,0,0,0,0,0,0,0,236.3,403224.19000000006,100.0,0.0,,,,,,,,,,237.7
1.8,43.7,9.3,50,g,rapeseed oil,palm oil,0,0,0,0,0,0,0,0,0,228.2,413341.8599999999,100.0,0.0,,,,,,,,,,237.7
2.9,36.7,11.9,0,0,rapeseed oil,palm oil,0,0,0,0,0,0,0,0,0,220.5,422439.160058099,99.99999979416512,2.0583486234904139e-07,,,,,,,,,,237.6999995239039
3.9,44.0,10.4,0,0,palm oil,rapeseed oil,0,0,0,0,0,0,0,0,0,252.7,382525.8599999999,100.0,0.0,,,,,,,,,,6.4
2.3,38.0,12.0,36,g,rapeseed oil,palm oil,0,0,0,0,0,0,0,0,0,220.7,422398.9799999999,100.0,0.0,,,,,,,,,,237.7
1.9,48.5,9.4,50,g,rapeseed oil,palm oil,0,0,0,0,0,0,0,0,0,248.7,388201.1099999999,100.0,0.0,,,,,,,,,,237.7
5.3,38.3,10.9,65,g,palm oil,rapeseed oil,0,0,0,0,0,0,0,0,0,244.5,391860.04,100.0,0.0,,,,,,,,,,6.4
7.2,39.6,11.4,68,g,rapeseed oil,palm oil,sunflower seeds,0,0,0,0,0,0,0,0,268.8,264903.79066666664,33.33333333333333,33.33333333333333,33.33333333333333,,,,,,,,,268.3952380999999
2.5,47.2,9.8,65,g,rapeseed oil,palm oil,0,0,0,0,0,0,0,0,0,250.5,385762.38,100.0,0.0,,,,,,,,,,237.7
2.8,51.2,9.8,0,0,rapeseed oil,palm oil,0,0,0,0,0,0,0,0,0,269.2,363577.16,100.0,0.0,,,,,,,,,,237.7
2.2,48.2,9.5,78,g,rapeseed oil,palm oil,0,0,0,0,0,0,0,0,0,250.6,385788.29,100.0,0.0,,,,,,,,,,237.7
1.9,48.5,9.4,40,g,rapeseed oil,palm oil,0,0,0,0,0,0,0,0,0,248.7,388201.1099999999,100.0,0.0,,,,,,,,,,237.7
1.8,43.4,10.4,0,0,rapeseed oil,palm oil,0,0,0,0,0,0,0,0,0,231.4,409291.32000000007,100.0,0.0,,,,,,,,,,237.7
6.1,40.3,9.9,33,g,rapeseed oil,palm oil,0,0,0,0,0,0,0,0,0,255.7,378139.0,100.0,0.0,,,,,,,,,,237.7
0.0,41.6,8.4,0,0,palm oil,rapeseed oil,0,0,0,0,0,0,0,0,0,200.0,450045.12,100.0,0.0,,,,,,,,,,6.4
0.0,0.0,0.0,0,0,palm oil,rapeseed oil,egg,0,0,0,0,0,0,0,0,0.0,401374.8569,33.33333333333333,33.33333333333333,33.33333333333333,,,,,,,,,273.9333333333333
3.7,40.3,9.1,44,g,sunflower seeds,rapeseed oil,0,0,0,0,0,0,0,0,0,230.9,259217.68500000003,50.0,50.0,,,,,,,,,,399.39285714999994
4.5,45.3,9.3,0,0,olive oil,rapeseed oil,0,0,0,0,0,0,0,0,0,258.9,402008.84,50.0,50.0,,,,,,,,,,1189.75
2.5,43.0,10.0,0,0,rapeseed oil,palm oil,0,0,0,0,0,0,0,0,0,234.5,405211.5,100.0,0.0,,,,,,,,,,237.7
8.3,45.5,9.4,50,g,olive oil,rapeseed oil,0,0,0,0,0,0,0,0,0,294.3,358313.59,50.0,50.0,,,,,,,,,,1189.75
3.0,52.7,10.3,50,g,rapeseed oil,palm oil,0,0,0,0,0,0,0,0,0,279.0,352181.38,100.0,0.0,,,,,,,,,,237.7
5.4,58.3,6.5,107,g,palm oil,rapeseed oil,0,0,0,0,0,0,0,0,0,307.8,319527.9400204828,99.99999991600195,8.399802842759367e-08,,,,,,,,,,6.400000194287439
0.0,0.0,0.0,0,0,palm oil,rapeseed oil,butter,milk,maize,0,0,0,0,0,0,0.0,302101.0915026435,20.00000090832209,19.99999977291948,19.99999977291948,20.00000090832209,19.99999977291948,,,,,,,219.73000471044483
1.4,20.0,2.7,190,g,rice,sunflower oil,0,0,0,0,0,0,0,0,0,103.4,273821.12936875003,50.0,50.0,,,,,,,,,,1628.15
15.0,16.2,11.9,121,g,rapeseed oil,maize,palm oil,sunflower oil,0,0,0,0,0,0,0,247.4,256004.36284370517,25.0,25.0,25.0,25.0,,,,,,,,366.92499999999995
9.0,15.7,13.1,2,0,rapeseed oil,sunflower oil,0,0,0,0,0,0,0,0,0,196.2,481767.9399999999,50.0,50.0,,,,,,,,,,622.8
4.6,11.1,16.1,0,0,rapeseed oil,bean oil,0,0,0,0,0,0,0,0,0,150.20000000000002,547946.0199999999,50.0,50.0,,,,,,,,,,326.15
12.2,20.8,10.9,0,0,sunflower oil,rapeseed oil,palm oil,0,0,0,0,0,0,0,0,236.6,399385.4501911121,99.9999993054916,3.482773462025532e-07,3.462310503344315e-07,,,,,,,,,1007.8999938500639
13.4,14.8,10.7,0,0,sunflower oil,rapeseed oil,palm oil,maize,0,0,0,0,0,0,0,222.6,281713.4838432913,25.0,25.0,25.0,25.0,,,,,,,,366.925
3.04,197.0,1.53,0,0,milk,apple,0,0,0,0,0,0,0,0,0,821.48,615281.0361,0.0,100.0,,,,,,,,,,180.1
9.4,17.2,0.8,100,ml,nuts,palm oil,0,0,0,0,0,0,0,0,0,156.60000000000002,301291.223964809,50.0,50.0,,,,,,,,,,2070.1
0.0,1.4,0.0,0,0,rapeseed oil,egg,sunflower oil,0,0,0,0,0,0,0,0,5.6,403561.9937888888,33.33333333333333,33.33333333333333,33.33333333333333,,,,,,,,,607.7666666666665
3.0,7.2,1.5,0,0,tomato,sunflower oil,olive oil,0,0,0,0,0,0,0,0,61.8,288756.0609444444,33.33333333333333,33.33333333333333,33.33333333333333,,,,,,,,,1173.1666666666665
0.0,1.4,0.0,100,ml,beef,animal fats,onion,sunflower oil,0,0,0,0,0,0,0,5.6,276155.35773593484,25.0,25.0,25.0,25.0,,,,,,,,925.3250000000002
3.2,9.0,2.0,0,0,tomato,sunflower oil,olive oil,0,0,0,0,0,0,0,0,72.8,277139.8229444444,33.33333333333333,33.33333333333333,33.33333333333333,,,,,,,,,1173.1666666666665
12.2,0.7,26.6,6,g,sunflower oil,olive oil,0,0,0,0,0,0,0,0,0,219.0,450641.89,50.0,50.0,,,,,,,,,,1574.8500000000001
3.7,10.7,2.1,0,0,palm oil,chicken,rapeseed oil,0,0,0,0,0,0,0,0,84.5,328704.1812888888,33.33333333333333,33.33333333333333,33.33333333333333,,,,,,,,,301.36666666666656
51.7,10.0,26.5,25,g,onion,0,0,0,0,0,0,0,0,0,0,611.3,335011.4421593938,100.0,,,,,,,,,,,14.3
0.0,1.4,0.0,100,ml,chicken,animal fats,0,0,0,0,0,0,0,0,0,5.6,309096.5609,50.0,50.0,,,,,,,,,,943.95
6.5,52.5,8.5,0,0,rapeseed oil,palm oil,0,0,0,0,0,0,0,0,0,302.5,324611.0,100.0,0.0,,,,,,,,,,237.7
0.0,0.9,0.0,0,0,maize,palm oil,0,0,0,0,0,0,0,0,0,3.6,378131.9610545958,50.0,50.0,,,,,,,,,,111.05
2.8,11.0,1.5,0,0,palm oil,rice,0,0,0,0,0,0,0,0,0,75.2,292338.42136875,50.0,50.0,,,,,,,,,,1127.4
9.8,26.1,5.3,0,0,palm oil,rapeseed oil,0,0,0,0,0,0,0,0,0,213.8,429008.5800000001,100.0,0.0,,,,,,,,,,6.4
9.3,25.4,5.1,0,0,palm oil,rapeseed oil,0,0,0,0,0,0,0,0,0,205.7,439627.3499999999,100.0,0.0,,,,,,,,,,6.4
0.5,0.7,0.2,112,ml,milk,palm oil,chicken,animal fats,0,0,0,0,0,0,0,8.1,254856.2032375,25.0,25.0,25.0,25.0,,,,,,,,630.625
3.4,5.8,1.4,0,0,tomato,sunflower oil,olive oil,0,0,0,0,0,0,0,0,59.39999999999999,291257.15361111105,33.33333333333333,33.33333333333333,33.33333333333333,,,,,,,,,1173.1666666666665
5.8,63.2,5.8,60,g,palm oil,rapeseed oil,0,0,0,0,0,0,0,0,0,328.2,297843.96,100.0,0.0,,,,,,,,,,6.4
9.3,27.4,4.8,0,0,palm oil,rapeseed oil,0,0,0,0,0,0,0,0,0,212.5,430850.54,100.0,0.0,,,,,,,,,,6.4
10.2,50.0,6.0,67,g,palm oil,rapeseed oil,0,0,0,0,0,0,0,0,0,315.8,308934.48004205176,99.99999982502342,1.7497657265165906e-07,,,,,,,,,,6.400000404720813
7.8,56.2,5.3,60,g,palm oil,rapeseed oil,0,0,0,0,0,0,0,0,0,316.2,309585.00999999995,100.0,0.0,,,,,,,,,,6.4
3.5,10.8,2.2,0,0,palm oil,pork,0,0,0,0,0,0,0,0,0,83.5,290999.98125,50.0,50.0,,,,,,,,,,901.1
5.4,5.3,0.2,120,g,maize,rapeseed oil,0,0,0,0,0,0,0,0,0,70.6,311928.583723131,50.0,50.0,,,,,,,,,,226.7
9.0,41.1,8.8,60,g,palm oil,rapeseed oil,0,0,0,0,0,0,0,0,0,280.6,348073.61,100.0,0.0,,,,,,,,,,6.4
10.4,24.7,4.2,0,0,palm oil,rapeseed oil,0,0,0,0,0,0,0,0,0,209.2,434803.73,100.0,0.0,,,,,,,,,,6.4
6.8,7.9,3.0,0,0,rapeseed oil,maize,0,0,0,0,0,0,0,0,0,104.8,274789.5157242725,50.0,50.0,,,,,,,,,,226.7
0.0,3.0,0.0,100,ml,chicken,animal fats,0,0,0,0,0,0,0,0,0,12.0,302067.4409,50.0,50.0,,,,,,,,,,943.95
0.9,7.8,0.9,224,ml,potato,palm oil,cheese,rapeseed oil,0,0,0,0,0,0,0,42.9,255897.5576588793,24.999999786282547,24.999999786282547,25.000000641152354,25.000000641152354,,,,,,,,1477.1000373219058
0.0,1.1,0.0,100,ml,beef,animal fats,palm oil,root,0,0,0,0,0,0,0,4.4,277792.93743615726,25.0,25.0,25.0,25.0,,,,,,,,678.4750000000001
65.2,25.2,6.8,10,g,milk,0,0,0,0,0,0,0,0,0,0,714.8000000000001,431720.06380000006,100.0,,,,,,,,,,,628.2
37.0,45.0,7.0,0,0,onion,0,0,0,0,0,0,0,0,0,0,541.0,258469.1641589018,100.0,,,,,,,,,,,14.3
9.6,61.1,4.2,19,g,palm oil,rapeseed oil,0,0,0,0,0,0,0,0,0,347.6,276530.3700000001,100.0,0.0,,,,,,,,,,6.4
0.0,39.0,0.0,0,0,nuts,sunflower oil,butter,0,0,0,0,0,0,0,0,156.0,260930.6031630459,33.33333333333333,33.33333333333333,33.33333333333333,,,,,,,,,1717.4499999999996
8.3,63.0,4.5,24,g,palm oil,rapeseed oil,0,0,0,0,0,0,0,0,0,344.7,279997.43,100.0,0.0,,,,,,,,,,6.4
5.3,19.0,0.0,0,0,rapeseed oil,maize,0,0,0,0,0,0,0,0,0,123.7,255034.67172490092,50.0,50.0,,,,,,,,,,226.7
0.0,0.0,0.0,0,0,potato,nuts,sunflower oil,0,0,0,0,0,0,0,0,0.0,254929.4377225801,33.33333333333333,33.33333333333333,33.33333333333333,,,,,,,,,1733.6
7.7,7.9,3.3,0,0,rapeseed oil,maize,0,0,0,0,0,0,0,0,0,114.1,265097.8217245828,50.0,50.0,,,,,,,,,,226.7
0.0,0.0,0.0,0,0,pork,animal fats,0,0,0,0,0,0,0,0,0,0.0,412930.34825,50.0,50.0,,,,,,,,,,1511.85
0.0,1.2,0.0,0,0,chicken,sunflower oil,0,0,0,0,0,0,0,0,0,4.8,300095.7209,50.0,50.0,,,,,,,,,,833.95
15.3,10.4,2.5,0,0,sunflower oil,olive oil,0,0,0,0,0,0,0,0,0,189.3,489896.5900000001,50.0,50.0,,,,,,,,,,1574.8500000000001
12.8,52.5,6.5,56,g,palm oil,rapeseed oil,0,0,0,0,0,0,0,0,0,351.2,271318.9800548532,99.9999997559392,2.440607939675249e-07,,,,,,,,,,6.400000564512617
5.8,66.5,4.1,23,g,palm oil,rapeseed oil,0,0,0,0,0,0,0,0,0,334.6,291463.4600000001,100.0,0.0,,,,,,,,,,6.4
43.7,42.2,4.2,0,0,milk,0,0,0,0,0,0,0,0,0,0,578.9000000000001,271256.3538000001,100.0,,,,,,,,,,,628.2
0.0,9.0,0.0,30,g,peas,rapeseed oil,nuts,olive oil,0,0,0,0,0,0,0,36.0,358513.55305155664,25.0,25.0,25.0,25.0,,,,,,,,1727.4750000000001
1.49,10.5,0.2,0,0,rice,sunflower oil,0,0,0,0,0,0,0,0,0,56.21,325657.04541875,50.0,50.0,,,,,,,,,,1628.15
82.9,0.6,0.6,10,g,milk,0,0,0,0,0,0,0,0,0,0,750.9,482326.9218,100.0,,,,,,,,,,,628.2
20.1,20.9,0.6,15,ml,rapeseed oil,olive oil,0,0,0,0,0,0,0,0,0,266.9,387633.59,50.0,50.0,,,,,,,,,,1189.75
3.5,16.6,3.1,0,0,rapeseed oil,sunflower oil,0,0,0,0,0,0,0,0,0,110.3,608209.1100000001,50.0,50.0,,,,,,,,,,622.8
5.8,2.9,1.0,0,0,rapeseed oil,sunflower oil,0,0,0,0,0,0,0,0,0,67.8,675065.4900000001,50.0,50.0,,,,,,,,,,622.8
5.6,0.5,33.0,100,g,beef,animal fats,palm oil,rapeseed oil,0,0,0,0,0,0,0,184.4,309394.38655625,25.0,25.0,25.0,25.0,,,,,,,,730.8000000000001
8.3,19.5,13.4,0,0,rapeseed oil,sunflower oil,0,0,0,0,0,0,0,0,0,206.3,468245.9900000001,50.0,50.0,,,,,,,,,,622.8
6.6,19.8,12.3,0,0,rapeseed oil,sunflower oil,0,0,0,0,0,0,0,0,0,187.8,493961.3300000001,50.0,50.0,,,,,,,,,,622.8
0.0,18.4,0.0,0,0,bread,rapeseed oil,0,0,0,0,0,0,0,0,0,73.6,292192.52294525,50.0,50.0,,,,,,,,,,442.6
0.0,0.0,0.0,0,0,bread,butter,rapeseed oil,rice,0,0,0,0,0,0,0,0.0,290892.70857225003,25.0,25.0,25.0,25.0,,,,,,,,786.0625
0.0,0.0,0.0,0,0,bread,rapeseed oil,rice,sunflower oil,0,0,0,0,0,0,0,0.0,385615.40618412505,25.0,25.0,25.0,25.0,,,,,,,,1035.375
1.3,4.4,0.6,300,g,onion,butter,rice,rapeseed oil,sunflower oil,0,0,0,0,0,0,31.700000000000003,266428.04769740626,20.00000880450257,20.00000880450257,19.99999779887436,19.99999779887436,19.99999779887436,,,,,,,703.7899252893936
82.2,0.6,0.6,10,g,milk,0,0,0,0,0,0,0,0,0,0,744.6,473562.8798,100.0,,,,,,,,,,,628.2
30.0,2.0,0.5,0,0,olive oil,rapeseed oil,palm oil,0,0,0,0,0,0,0,0,280.0,343628.25,100.0,0.0,0.0,,,,,,,,,2141.8
0.0,0.6,0.5,10,g,rapeseed oil,olive oil,palm oil,milk,0,0,0,0,0,0,0,4.4,452440.4524875,25.0,25.0,25.0,25.0,,,,,,,,753.5250000000001
80.0,0.5,0.7,0,0,milk,0,0,0,0,0,0,0,0,0,0,724.8,446542.2538,100.0,,,,,,,,,,,628.2
1.4,11.9,0.1,0,0,rice,sunflower oil,0,0,0,0,0,0,0,0,0,60.6,320619.32386875,50.0,50.0,,,,,,,,,,1628.15
1.3,13.9,0.4,0,0,rice,nuts,sunflower oil,0,0,0,0,0,0,0,0,68.9,281082.8162881263,33.33333333333333,33.33333333333333,33.33333333333333,,,,,,,,,2463.3666666666663
2.0,3.3,3.2,250,ml,cane,sunflower oil,0,0,0,0,0,0,0,0,0,44.0,357920.246025,50.0,50.0,,,,,,,,,,814.0
5.8,6.2,21.0,1,0,chicken,rapeseed oil,sunflower oil,0,0,0,0,0,0,0,0,161.0,254598.53284444436,33.33333333333333,33.33333333333333,33.33333333333333,,,,,,,,,635.1999999999998
3.1,84.5,5.9,0,0,rapeseed oil,sunflower oil,0,0,0,0,0,0,0,0,0,389.5,261094.92,50.0,50.0,,,,,,,,,,622.8
0.0,9.0,0.0,30,g,peas,rapeseed oil,olive oil,0,0,0,0,0,0,0,0,36.0,395769.432425,33.33333333333333,33.33333333333333,33.33333333333333,,,,,,,,,925.3666666666666
6.7,22.5,4.5,0,0,sunflower oil,rapeseed oil,0,0,0,0,0,0,0,0,0,168.3,521457.88000000006,50.0,50.0,,,,,,,,,,622.8
0.0,5.3,15.0,100,g,rapeseed oil,sunflower oil,onion,0,0,0,0,0,0,0,0,81.2,274978.8466087204,33.33333333333333,33.33333333333333,33.33333333333333,,,,,,,,,419.9666666666665
4.5,31.0,4.4,0,0,palm oil,rapeseed oil,0,0,0,0,0,0,0,0,0,182.1,472364.62,100.0,0.0,,,,,,,,,,6.4
0.0,0.0,0.0,0,0,palm oil,rapeseed oil,chicken,0,0,0,0,0,0,0,0,0.0,432457.5292888889,33.33333333333333,33.33333333333333,33.33333333333333,,,,,,,,,301.36666666666656
4.9,23.1,9.7,0,0,palm oil,rapeseed oil,0,0,0,0,0,0,0,0,0,175.29999999999998,481228.6000000001,100.0,0.0,,,,,,,,,,6.4
10.3,37.9,11.9,0,0,rapeseed oil,palm oil,0,0,0,0,0,0,0,0,0,291.9,334638.12,100.0,0.0,,,,,,,,,,237.7
8.7,33.7,12.5,0,0,rapeseed oil,palm oil,0,0,0,0,0,0,0,0,0,263.1,368308.84,100.0,0.0,,,,,,,,,,237.7
2.5,39.0,9.6,0,0,rapeseed oil,palm oil,0,0,0,0,0,0,0,0,0,216.9,427273.42,100.0,0.0,,,,,,,,,,237.7
3.6,39.7,12.0,0,0,sunflower seeds,rapeseed oil,0,0,0,0,0,0,0,0,0,239.2,250914.45899999997,50.0,50.0,,,,,,,,,,399.39285714999994
7.0,40.7,7.4,100,g,olive oil,rapeseed oil,0,0,0,0,0,0,0,0,0,255.4,405498.21,50.0,50.0,,,,,,,,,,1189.75
5.4,46.1,10.7,0,0,sunflower seeds,rapeseed oil,olive oil,0,0,0,0,0,0,0,0,275.8,265986.1622222222,33.33333333333333,33.33333333333333,33.33333333333333,,,,,,,,,980.1952380999999
4.0,42.4,10.9,0,0,rapeseed oil,olive oil,0,0,0,0,0,0,0,0,0,249.2,414103.6099999999,50.0,50.0,,,,,,,,,,1189.75
2.5,47.2,9.8,58,g,rapeseed oil,palm oil,0,0,0,0,0,0,0,0,0,250.5,385762.38,100.0,0.0,,,,,,,,,,237.7
4.6,44.7,10.5,58,g,rapeseed oil,palm oil,0,0,0,0,0,0,0,0,0,262.2,370969.5399999999,100.0,0.0,,,,,,,,,,237.7
3.0,48.4,8.6,0,0,olive oil,rapeseed oil,0,0,0,0,0,0,0,0,0,255.0,407466.52,50.0,50.0,,,,,,,,,,1189.75
2.8,48.0,8.5,0,0,sunflower oil,rapeseed oil,0,0,0,0,0,0,0,0,0,251.2,412259.93,50.0,50.0,,,,,,,,,,622.8
6.3,47.6,8.9,0,0,olive oil,rapeseed oil,0,0,0,0,0,0,0,0,0,282.7,372686.3499999999,50.0,50.0,,,,,,,,,,1189.75
0.0,50.1,8.6,0,0,palm oil,rapeseed oil,0,0,0,0,0,0,0,0,0,234.8,405963.81000000006,100.0,0.0,,,,,,,,,,6.4
0.0,0.0,0.0,0,0,rapeseed oil,palm oil,tea,0,0,0,0,0,0,0,0,0.0,345590.8720043837,33.33333333333333,33.33333333333333,33.33333333333333,,,,,,,,,88.03333333333332
0.0,0.0,0.0,0,0,palm oil,rapeseed oil,tea,0,0,0,0,0,0,0,0,0.0,345590.8720043837,33.33333333333333,33.33333333333333,33.33333333333333,,,,,,,,,88.03333333333332
0.0,0.0,0.0,0,0,rapeseed oil,egg,palm oil,0,0,0,0,0,0,0,0,0.0,401374.8569,33.33333333333333,33.33333333333333,33.33333333333333,,,,,,,,,273.9333333333333
7.9,47.5,8.0,0,0,palm oil,rapeseed oil,0,0,0,0,0,0,0,0,0,293.1,334449.86999999994,100.0,0.0,,,,,,,,,,6.4
8.0,20.8,11.2,1,0,rapeseed oil,sunflower oil,0,0,0,0,0,0,0,0,0,200.0,476878.08,50.0,50.0,,,,,,,,,,622.8
0.0,0.0,0.0,0,0,bread,onion,sunflower oil,olive oil,rapeseed oil,0,0,0,0,0,0,0.0,370219.7117691908,20.0,20.0,20.0,20.0,20.0,,,,,,,809.8400000000001
0.5,0.5,0.5,0,0,palm oil,animal fats,chicken,0,0,0,0,0,0,0,0,8.5,429118.3092888889,33.33333333333333,33.33333333333333,33.33333333333333,,,,,,,,,631.4333333333332
8.0,0.6,3.2,0,0,sunflower oil,olive oil,wine,0,0,0,0,0,0,0,0,87.2,284140.0030333331,33.33333333333333,33.33333333333333,33.33333333333333,,,,,,,,,1076.1999999999998
8.5,8.1,1.5,0,0,sunflower oil,olive oil,wine,0,0,0,0,0,0,0,0,114.9,255541.69569999992,33.33333333333333,33.33333333333333,33.33333333333333,,,,,,,,,1076.1999999999998
13.1,0.5,1.4,20,g,olives,olive oil,sunflower oil,0,0,0,0,0,0,0,0,125.5,249706.9502083332,33.33333333333333,33.33333333333333,33.33333333333333,,,,,,,,,1151.5259999999998
330.0,41.0,12.0,45,g,nuts,rice,palm oil,milk,0,0,0,0,0,0,0,3182.0,7510784.469033734,25.0,25.0,25.0,25.0,,,,,,,,1754.2
8.0,54.4,5.5,0,0,palm oil,rapeseed oil,0,0,0,0,0,0,0,0,0,311.6,314393.77,100.0,0.0,,,,,,,,,,6.4
10.7,53.4,6.3,0,0,palm oil,rapeseed oil,0,0,0,0,0,0,0,0,0,335.1,288489.3500000001,100.0,0.0,,,,,,,,,,6.4
7.5,57.9,6.2,0,0,palm oil,rapeseed oil,0,0,0,0,0,0,0,0,0,323.9,301498.71,100.0,0.0,,,,,,,,,,6.4
13.3,51.3,5.1,1,0,palm oil,rapeseed oil,0,0,0,0,0,0,0,0,0,345.3,277153.4800000001,100.0,0.0,,,,,,,,,,6.4
10.8,37.5,5.0,35,g,palm oil,animal fats,0,0,0,0,0,0,0,0,0,267.2,363174.92999999993,100.0,0.0,,,,,,,,,,6.4
0.8,23.0,2.8,0,0,rice,palm oil,0,0,0,0,0,0,0,0,0,110.4,255350.16986875,50.0,50.0,,,,,,,,,,1127.4
8.6,27.8,8.3,0,0,sunflower seeds,sunflower oil,0,0,0,0,0,0,0,0,0,221.8,267176.48500000004,50.0,50.0,,,,,,,,,,784.49285715
10.4,24.7,4.4,0,0,palm oil,rapeseed oil,0,0,0,0,0,0,0,0,0,210.0,433761.610105717,99.99999963149372,3.6850628942270665e-07,,,,,,,,,,6.400000852355048
5.3,5.8,1.3,0,0,tomato,sunflower oil,olive oil,0,0,0,0,0,0,0,0,76.1,273398.6022777776,33.33333333333333,33.33333333333333,33.33333333333333,,,,,,,,,1173.1666666666665
6.3,51.6,8.8,1,0,rapeseed oil,olive oil,0,0,0,0,0,0,0,0,0,298.3,354564.18000000005,50.0,50.0,,,,,,,,,,1189.75
3.2,6.9,1.7,0,0,tomato,sunflower oil,olive oil,0,0,0,0,0,0,0,0,63.2,287235.74494444433,33.33333333333333,33.33333333333333,33.33333333333333,,,,,,,,,1173.1666666666665
3.9,5.3,2.2,0,0,tomato,rapeseed oil,olive oil,0,0,0,0,0,0,0,0,65.1,285115.077611111,33.33333333333333,33.33333333333333,33.33333333333333,,,,,,,,,916.4333333333332
0.0,0.0,0.0,0,0,rapeseed oil,palm oil,0,0,0,0,0,0,0,0,0,0.0,753044.0,100.0,0.0,,,,,,,,,,237.7
1.3,15.5,3.0,0,0,rice,rapeseed oil,0,0,0,0,0,0,0,0,0,85.7,292775.27386875,50.0,50.0,,,,,,,,,,1243.05
10.1,12.7,1.1,1,0,rapeseed oil,sunflower oil,0,0,0,0,0,0,0,0,0,146.1,552740.9199999999,50.0,50.0,,,,,,,,,,622.8
0.5,0.5,0.5,0,0,chicken,animal fats,0,0,0,0,0,0,0,0,0,8.5,305830.1109,50.0,50.0,,,,,,,,,,943.95
0.5,0.5,0.5,0,0,beef,animal fats,onion,sunflower oil,0,0,0,0,0,0,0,8.5,273074.82890260656,25.0,25.0,25.0,25.0,,,,,,,,925.3250000000002
0.0,6.0,0.0,0,0,beef,sunflower oil,0,0,0,0,0,0,0,0,0,24.0,321490.346225,50.0,50.0,,,,,,,,,,1229.55
0.0,2.3,0.0,100,ml,rapeseed oil,egg,olive oil,sunflower oil,0,0,0,0,0,0,0,9.2,481480.83400625,25.0,25.0,25.0,25.0,,,,,,,,991.2750000000001
0.0,2.4,0.0,100,ml,rapeseed oil,olive oil,egg,0,0,0,0,0,0,0,0,9.6,398530.11378888873,33.33333333333333,33.33333333333333,33.33333333333333,,,,,,,,,985.7333333333332
74.1,9.3,1.7,0,0,sunflower oil,grape,tomato,onion,egg,apple,0,0,0,0,0,710.9,266195.4806772911,16.666666675,16.666666664999997,16.666666675,16.666666675,16.666666675,16.666666675,,,,,,428.23333350549
36.7,50.8,5.8,0,0,milk,0,0,0,0,0,0,0,0,0,0,556.7,248960.91780000005,100.0,,,,,,,,,,,628.2
0.0,0.0,0.0,0,0,nuts,sunflower oil,0,0,0,0,0,0,0,0,0,0.0,296038.03210697987,100.0,0.0,,,,,,,,,,4133.8
0.0,2.9,0.0,15,ml,rapeseed oil,egg,0,0,0,0,0,0,0,0,0,11.6,254947.610025,50.0,50.0,,,,,,,,,,407.70000000000005
0.0,61.0,0.0,0,0,palm oil,sunflower oil,0,0,0,0,0,0,0,0,0,244.0,395645.0000381004,99.99999985988418,1.4011581822093513e-07,,,,,,,,,,6.400001403259919
0.0,44.4,0.0,0,0,butter,palm oil,0,0,0,0,0,0,0,0,0,177.6,291802.4594624999,50.0,50.0,,,,,,,,,,8.525
62.9,1.0,33.0,0,0,pork,tomato,0,0,0,0,0,0,0,0,0,702.1,257831.439275,50.0,50.0,,,,,,,,,,1082.8
0.0,0.2,0.0,200,g,butter,rapeseed oil,0,0,0,0,0,0,0,0,0,0.8,314584.03785,0.0,100.0,,,,,,,,,,237.7
0.0,0.7,0.0,0,0,palm oil,sunflower oil,maize,0,0,0,0,0,0,0,0,2.8,498011.9422399404,33.33333333333333,33.33333333333333,33.33333333333333,,,,,,,,,409.9999999999999
0.0,5.7,0.0,1,0,palm oil,onion,butter,sunflower oil,0,0,0,0,0,0,0,22.8,320240.1669264932,25.0,25.0,25.0,25.0,,,,,,,,259.8125
9.7,25.7,2.4,1,0,butter,rapeseed oil,0,0,0,0,0,0,0,0,0,199.7,277442.41446249984,50.0,50.0,,,,,,,,,,124.175
0.0,50.0,0.0,0,0,butter,rapeseed oil,0,0,0,0,0,0,0,0,0,200.0,280286.5044624999,50.0,50.0,,,,,,,,,,124.175
2.2,4.5,5.7,0,0,cheese,bread,olive oil,rapeseed oil,0,0,0,0,0,0,0,60.6,311125.3694099247,25.0,25.0,25.0,25.0,,,,,,,,2158.05
2.6,0.4,16.9,1,0,rapeseed oil,olive oil,0,0,0,0,0,0,0,0,0,92.6,636086.49,50.0,50.0,,,,,,,,,,1189.75
0.0,0.0,0.0,0,0,beef,olive oil,rapeseed oil,0,0,0,0,0,0,0,0,0.0,476664.3760999999,33.33333333333333,33.33333333333333,33.33333333333333,,,,,,,,,1276.8999999999999
0.0,26.0,0.0,0,0,palm oil,butter,0,0,0,0,0,0,0,0,0,104.0,374430.4194624999,50.0,50.0,,,,,,,,,,8.525
50.6,13.0,22.0,25,g,onion,potato,0,0,0,0,0,0,0,0,0,595.4000000000001,267091.17512499285,0.0,100.0,,,,,,,,,,59.1
12.7,5.3,3.1,1,0,olive oil,sunflower oil,0,0,0,0,0,0,0,0,0,147.9,549502.2000000001,50.0,50.0,,,,,,,,,,1574.8500000000001
0.0,9.0,0.0,30,g,peas,rapeseed oil,0,0,0,0,0,0,0,0,0,36.0,267156.90045625,50.0,50.0,,,,,,,,,,317.15
45.4,20.5,21.7,30,g,onion,0,0,0,0,0,0,0,0,0,0,577.4,296443.36615916085,100.0,,,,,,,,,,,14.3
0.0,30.0,0.0,0,0,nuts,rapeseed oil,palm oil,0,0,0,0,0,0,0,0,120.0,420037.41663584224,33.33333333333333,33.33333333333333,33.33333333333333,,,,,,,,,1459.3
13.0,5.8,0.9,0,0,rapeseed oil,palm oil,0,0,0,0,0,0,0,0,0,143.8,523414.69000000006,100.0,0.0,,,,,,,,,,237.7
0.0,0.0,0.0,0,0,sunflower oil,beef,0,0,0,0,0,0,0,0,0,0.0,349078.346225,50.0,50.0,,,,,,,,,,1229.55
0.0,0.0,0.0,0,0,peas,olive oil,0,0,0,0,0,0,0,0,0,0.0,305749.75545625,50.0,50.0,,,,,,,,,,1269.2
0.0,0.0,0.0,0,0,rapeseed oil,cheese,0,0,0,0,0,0,0,0,0,0.0,387968.2312006428,50.0,50.0,,,,,,,,,,2921.45
0.0,7.3,0.0,0,0,pork,animal fats,0,0,0,0,0,0,0,0,0,29.2,376518.67825,50.0,50.0,,,,,,,,,,1511.85
0.4,68.1,1.8,30,g,sunflower oil,palm oil,0,0,0,0,0,0,0,0,0,283.2,349570.4500522122,99.9999997949826,2.0501741372289106e-07,,,,,,,,,,1007.8999979467508
3.4,13.0,2.3,1,0,potato,rapeseed oil,butter,sunflower oil,0,0,0,0,0,0,0,91.8,264131.9783421859,25.0,25.0,25.0,25.0,,,,,,,,328.8375
4.1,14.3,6.3,1,0,sunflower oil,rapeseed oil,0,0,0,0,0,0,0,0,0,119.3,594207.0800000001,50.0,50.0,,,,,,,,,,622.8
7.8,2.4,2.3,1,0,butter,rapeseed oil,0,0,0,0,0,0,0,0,0,89.0,404909.5714624999,50.0,50.0,,,,,,,,,,124.175
3.4,17.6,5.0,0,0,rice,rapeseed oil,0,0,0,0,0,0,0,0,0,121.0,255719.45886875,50.0,50.0,,,,,,,,,,1243.05
1.9,13.7,4.0,0,0,palm oil,rapeseed oil,maize,0,0,0,0,0,0,0,0,87.89999999999999,385036.3926862773,33.33333333333333,33.33333333333333,33.33333333333333,,,,,,,,,153.26666666666662
0.0,0.6,0.5,10,g,rapeseed oil,olive oil,palm oil,0,0,0,0,0,0,0,0,4.4,745478.37,100.0,0.0,0.0,,,,,,,,,237.7
98.8,0.0,0.0,0,0,pork,0,0,0,0,0,0,0,0,0,0,889.1999999999999,267629.2409999999,100.0,,,,,,,,,,,1795.8
0.0,0.8,0.5,10,g,rapeseed oil,palm oil,0,0,0,0,0,0,0,0,0,5.2,744107.1299999999,100.0,0.0,,,,,,,,,,237.7
1.3,13.9,0.4,0,0,rice,sunflower oil,0,0,0,0,0,0,0,0,0,68.9,311234.48086875,50.0,50.0,,,,,,,,,,1628.15
0.1,11.0,0.1,0,0,rice,sunflower oil,0,0,0,0,0,0,0,0,0,45.3,338273.96286875004,50.0,50.0,,,,,,,,,,1628.15
2.1,3.8,0.9,0,0,cane,sunflower oil,0,0,0,0,0,0,0,0,0,37.7,365385.221025,50.0,50.0,,,,,,,,,,814.0
0.0,13.1,0.0,0,0,rice,sunflower oil,0,0,0,0,0,0,0,0,0,52.4,329999.27036875,50.0,50.0,,,,,,,,,,1628.15
3.7,1.1,23.0,25,g,pork,sunflower oil,0,0,0,0,0,0,0,0,0,129.70000000000002,254633.64925,50.0,50.0,,,,,,,,,,1401.85
5.5,14.0,2.5,0,0,cheese,sunflower oil,0,0,0,0,0,0,0,0,0,115.5,257625.1227455747,50.0,50.0,,,,,,,,,,3306.5499999999997
0.0,29.8,0.0,0,0,sunflower oil,olive oil,0,0,0,0,0,0,0,0,0,119.2,595807.08,50.0,50.0,,,,,,,,,,1574.8500000000001
13.0,0.5,16.0,0,0,sunflower oil,olive oil,0,0,0,0,0,0,0,0,0,183.0,499226.25,50.0,50.0,,,,,,,,,,1574.8500000000001
9.1,21.5,9.3,0,0,cheese,rapeseed oil,olive oil,0,0,0,0,0,0,0,0,205.1,257436.43351794645,33.33333333333333,33.33333333333333,33.33333333333333,,,,,,,,,2661.566666666666
10.5,37.5,7.8,1,0,butter,rapeseed oil,olive oil,0,0,0,0,0,0,0,0,275.7,256895.34398333324,33.33333333333333,33.33333333333333,33.33333333333333,,,,,,,,,796.7166666666666
0.0,37.1,0.0,0,0,cheese,butter,palm oil,rapeseed oil,0,0,0,0,0,0,0,148.4,273131.4498970112,25.0,25.0,25.0,25.0,,,,,,,,1464.9874999999997
13.1,54.1,4.6,0,0,palm oil,rapeseed oil,0,0,0,0,0,0,0,0,0,352.7,269886.07,100.0,0.0,,,,,,,,,,6.4
5.9,4.3,15.0,1,0,cheese,rapeseed oil,sunflower oil,0,0,0,0,0,0,0,0,130.3,338308.4734519448,33.33333333333333,33.33333333333333,33.33333333333333,,,,,,,,,2283.5999999999995
0.0,15.0,0.0,0,0,cheese,sunflower oil,0,0,0,0,0,0,0,0,0,60.0,317394.27085226274,50.0,50.0,,,,,,,,,,3306.5499999999997
0.0,9.0,0.0,0,0,rapeseed oil,onion,sunflower oil,0,0,0,0,0,0,0,0,36.0,323846.8019419525,33.33333333333333,33.33333333333333,33.33333333333333,,,,,,,,,419.9666666666666
0.0,57.7,0.0,1,0,butter,rapeseed oil,0,0,0,0,0,0,0,0,0,230.8,249913.46946249992,50.0,50.0,,,,,,,,,,124.175
0.0,65.0,0.0,0,0,rapeseed oil,olive oil,0,0,0,0,0,0,0,0,0,260.0,403601.0,50.0,50.0,,,,,,,,,,1189.75
0.0,68.0,0.0,0,0,olive oil,rapeseed oil,0,0,0,0,0,0,0,0,0,272.0,389168.0,50.0,50.0,,,,,,,,,,1189.75
0.0,3.46,0.0,0,0,onion,olive oil,sunflower oil,0,0,0,0,0,0,0,0,13.84,349343.10074190446,33.33333333333333,33.33333333333333,33.33333333333333,,,,,,,,,1054.6666666666665
0.0,3.3,1.3,0,0,sunflower oil,grape,olive oil,0,0,0,0,0,0,0,0,18.4,351915.6799862669,33.33333333333333,33.33333333333333,33.33333333333333,,,,,,,,,1189.7666666666664
62.9,1.8,33.0,0,0,pork,onion,0,0,0,0,0,0,0,0,0,705.3,252322.34522388832,50.0,50.0,,,,,,,,,,905.05
48.1,9.6,27.1,25,g,onion,0,0,0,0,0,0,0,0,0,0,579.7,299279.8541591835,100.0,,,,,,,,,,,14.3
31.6,52.5,10.7,0,0,onion,0,0,0,0,0,0,0,0,0,0,537.2,254941.50749220484,100.0,,,,,,,,,,,14.3
67.0,8.9,16.0,0,0,apple,0,0,0,0,0,0,0,0,0,0,702.6,428018.46460000006,100.0,,,,,,,,,,,180.1
45.2,17.3,20.0,0,0,onion,0,0,0,0,0,0,0,0,0,0,556.0,273545.9194923536,100.0,,,,,,,,,,,14.3
46.0,17.4,21.4,0,0,onion,0,0,0,0,0,0,0,0,0,0,569.2,287593.7281591083,100.0,,,,,,,,,,,14.3
0.0,28.5,0.0,0,0,nuts,rapeseed oil,0,0,0,0,0,0,0,0,0,114.0,364147.53831715503,50.0,50.0,,,,,,,,,,2185.75
0.0,20.0,0.0,0,0,olive oil,rapeseed oil,0,0,0,0,0,0,0,0,0,80.0,656816.0,50.0,50.0,,,,,,,,,,1189.75
1.4,75.9,15.1,0,0,olive oil,rapeseed oil,0,0,0,0,0,0,0,0,0,376.6,273165.54,50.0,50.0,,,,,,,,,,1189.75
0.0,0.0,0.0,0,0,rice,cane,palm oil,0,0,0,0,0,0,0,0,0.0,295980.27425277774,33.33333333333333,33.33333333333333,33.33333333333333,,,,,,,,,958.2999999999998
52.0,18.0,6.7,0,0,onion,0,0,0,0,0,0,0,0,0,0,566.8,285268.4001590918,100.0,,,,,,,,,,,14.3
0.0,0.0,0.0,40,g,rapeseed oil,rice,sunflower seeds,0,0,0,0,0,0,0,0,0.0,376684.7034972222,33.33333333333333,33.33333333333333,33.33333333333333,,,,,,,,,1015.7285714333332
0.0,0.0,0.0,40,g,rice,butter,rapeseed oil,sunflower seeds,0,0,0,0,0,0,0,0.0,360700.7379734375,25.0,25.0,25.0,25.0,,,,,,,,764.458928575
0.0,0.0,0.0,0,0,grape,palm oil,sunflower oil,sunflower seeds,0,0,0,0,0,0,0,0.0,359741.9728135539,25.0,25.0,25.0,25.0,,,,,,,,498.746428575
1.0,8.3,4.6,330,ml,sunflower oil,maize,0,0,0,0,0,0,0,0,0,60.6,323362.519056131,50.0,50.0,,,,,,,,,,611.8
0.0,0.0,0.0,0,0,fish,olive oil,0,0,0,0,0,0,0,0,0,0.0,256717.0354324169,50.0,50.0,,,,,,,,,,2916.55
21.0,0.5,17.0,0,0,olive oil,sunflower oil,0,0,0,0,0,0,0,0,0,259.0,397155.25,50.0,50.0,,,,,,,,,,1574.8500000000001
2.8,4.7,1.6,1,0,rapeseed oil,chicken,0,0,0,0,0,0,0,0,0,50.400000000000006,252177.5629,50.0,50.0,,,,,,,,,,448.85
0.8,4.5,1.6,0,0,chicken,rapeseed oil,0,0,0,0,0,0,0,0,0,31.6,271518.24289999995,50.0,50.0,,,,,,,,,,448.85
2.9,6.2,0.7,200,g,rice,sunflower oil,0,0,0,0,0,0,0,0,0,53.7,328649.18386874994,50.0,50.0,,,,,,,,,,1628.15
1.0,8.1,0.6,225,ml,potato,palm oil,rapeseed oil,0,0,0,0,0,0,0,0,43.8,323959.3761250107,33.33333333333333,33.33333333333333,33.33333333333333,,,,,,,,,101.06666666666663
0.0,3.5,0.0,260,ml,root,animal fats,sunflower oil,0,0,0,0,0,0,0,0,14.0,365566.1203003906,33.33333333333333,33.33333333333333,33.33333333333333,,,,,,,,,754.7333333333331
54.0,35.0,7.0,25,g,milk,0,0,0,0,0,0,0,0,0,0,654.0,355150.6038,100.0,,,,,,,,,,,628.2
0.0,3.8,0.0,0,0,olives,sunflower oil,olive oil,0,0,0,0,0,0,0,0,15.2,373052.6495416665,33.33333333333333,33.33333333333333,33.33333333333333,,,,,,,,,1151.5259999999998
0.0,26.5,0.0,0,0,rapeseed oil,butter,0,0,0,0,0,0,0,0,0,106.0,385447.8294624999,50.0,50.0,,,,,,,,,,124.175
45.0,34.0,5.0,11.5,g,coffee,0,0,0,0,0,0,0,0,0,0,561.0,299569.83533353,100.0,,,,,,,,,,,25.9
45.0,31.0,4.2,0,0,coffee,0,0,0,0,0,0,0,0,0,0,545.8,283050.8718135299,100.0,,,,,,,,,,,25.9
0.0,55.0,0.0,0,0,palm oil,rapeseed oil,0,0,0,0,0,0,0,0,0,220.0,425189.0,100.0,0.0,,,,,,,,,,6.4
1.6,24.5,5.0,130,g,rapeseed oil,sunflower seeds,0,0,0,0,0,0,0,0,0,132.4,367657.11900000006,50.0,50.0,,,,,,,,,,399.39285714999994
8.1,24.7,2.2,240,g,palm oil,rapeseed oil,0,0,0,0,0,0,0,0,0,180.5,473502.79,100.0,0.0,,,,,,,,,,6.4
7.8,25.5,4.4,240,g,palm oil,rapeseed oil,0,0,0,0,0,0,0,0,0,189.8,461023.2900000001,100.0,0.0,,,,,,,,,,6.4
8.9,23.8,4.4,240,g,palm oil,rapeseed oil,0,0,0,0,0,0,0,0,0,192.90000000000003,456579.82015028567,99.99999948952536,5.104746552547779e-07,,,,,,,,,,6.400001180727879
0.0,9.9,1.6,0,0,rice,sunflower oil,0,0,0,0,0,0,0,0,0,46.0,337532.35036875,50.0,50.0,,,,,,,,,,1628.15
0.0,0.6,0.0,0,0,maize,palm oil,0,0,0,0,0,0,0,0,0,2.4,379623.8380545559,50.0,50.0,,,,,,,,,,111.05
0.0,0.5,0.0,100,ml,beef,animal fats,onion,sunflower oil,0,0,0,0,0,0,0,2.0,279931.96473592904,25.0,25.0,25.0,25.0,,,,,,,,925.3250000000002
0.0,0.2,0.0,250,ml,palm oil,potato,animal fats,chicken,0,0,0,0,0,0,0,0.8,267470.1784286633,25.0,25.0,25.0,25.0,,,,,,,,488.35
1.9,5.0,1.2,0,0,chicken,palm oil,0,0,0,0,0,0,0,0,0,41.9,249796.8669,50.0,50.0,,,,,,,,,,333.2
2.8,6.4,1.0,0,0,sunflower oil,olive oil,wine,0,0,0,0,0,0,0,0,54.8,320178.9216999999,33.33333333333333,33.33333333333333,33.33333333333333,,,,,,,,,1076.1999999999998
5.6,1.7,1.5,0,0,sunflower oil,wine,olive oil,0,0,0,0,0,0,0,0,63.2,310426.38769999985,33.33333333333333,33.33333333333333,33.33333333333333,,,,,,,,,1076.1999999999998
3.8,5.6,0.7,0,0,sunflower oil,olive oil,wine,0,0,0,0,0,0,0,0,59.39999999999999,314892.46303333325,33.33333333333333,33.33333333333333,33.33333333333333,,,,,,,,,1076.1999999999998
8.8,0.7,1.9,0,0,sunflower oil,olive oil,wine,0,0,0,0,0,0,0,0,89.6,281502.87569999986,33.33333333333333,33.33333333333333,33.33333333333333,,,,,,,,,1076.1999999999998
3.9,5.6,0.7,0,0,sunflower oil,olive oil,wine,0,0,0,0,0,0,0,0,60.3,313877.0296999999,33.33333333333333,33.33333333333333,33.33333333333333,,,,,,,,,1076.1999999999998
8.74,1.1,1.99,0,0,sunflower oil,olive oil,wine,0,0,0,0,0,0,0,0,91.02,280014.3642666666,33.33333333333333,33.33333333333333,33.33333333333333,,,,,,,,,1076.1999999999998
0.0,6.4,0.0,0,0,sunflower oil,olive oil,wine,0,0,0,0,0,0,0,0,25.6,354228.58169999986,33.33333333333333,33.33333333333333,33.33333333333333,,,,,,,,,1076.1999999999998
8.7,1.1,2.0,0,0,sunflower oil,olive oil,wine,0,0,0,0,0,0,0,0,90.7,280355.7690333332,33.33333333333333,33.33333333333333,33.33333333333333,,,,,,,,,1076.1999999999998
0.0,0.0,0.0,0,0,sunflower oil,maize,0,0,0,0,0,0,0,0,0,0.0,396271.4387207759,50.0,50.0,,,,,,,,,,611.8
0.0,0.0,0.0,0,0,bread,rapeseed oil,maize,0,0,0,0,0,0,0,0,0.0,285102.1462468342,33.33333333333333,33.33333333333333,33.33333333333333,,,,,,,,,366.9666666666666
0.0,0.0,0.0,0,0,bread,rapeseed oil,0,0,0,0,0,0,0,0,0,0.0,377789.02854525,50.0,50.0,,,,,,,,,,442.6
47.0,23.0,21.0,25,g,potato,0,0,0,0,0,0,0,0,0,0,599.0,270394.0731249292,100.0,,,,,,,,,,,59.1
7.6,6.8,0.5,94,g,sunflower oil,maize,butter,0,0,0,0,0,0,0,0,97.6,258667.4349720773,33.33333333333333,33.33333333333333,33.33333333333333,,,,,,,,,411.4166666666666
6.3,6.8,0.5,94,g,maize,sunflower oil,butter,0,0,0,0,0,0,0,0,85.89999999999999,270768.175860706,33.33333333333333,33.33333333333333,33.33333333333333,,,,,,,,,411.4166666666666
7.6,6.8,0.5,101,g,sunflower oil,maize,butter,0,0,0,0,0,0,0,0,97.6,258667.4349720773,33.33333333333333,33.33333333333333,33.33333333333333,,,,,,,,,411.4166666666666
3.9,4.8,1.3,0,0,tomato,olive oil,sunflower oil,0,0,0,0,0,0,0,0,59.5,291078.675611111,33.33333333333333,33.33333333333333,33.33333333333333,,,,,,,,,1173.1666666666665
0.0,0.0,0.0,0,0,olive oil,sunflower oil,0,0,0,0,0,0,0,0,0,0.0,791456.0,50.0,50.0,,,,,,,,,,1574.8500000000001
8.1,5.6,3.9,0,0,rapeseed oil,maize,0,0,0,0,0,0,0,0,0,110.9,268495.85005780985,50.0,50.0,,,,,,,,,,226.7
0.0,41.0,0.0,0,0,sunflower oil,butter,0,0,0,0,0,0,0,0,0,164.0,318342.5544624999,50.0,50.0,,,,,,,,,,509.275
36.0,57.0,3.4,15,g,coffee,0,0,0,0,0,0,0,0,0,0,565.6,305962.68169352994,100.0,,,,,,,,,,,25.9
44.0,43.0,7.0,20,g,milk,0,0,0,0,0,0,0,0,0,0,596.0,289359.5238,100.0,,,,,,,,,,,628.2
39.0,47.0,6.0,20,g,milk,0,0,0,0,0,0,0,0,0,0,563.0,255071.2838,100.0,,,,,,,,,,,628.2
0.0,56.7,0.0,100,g,butter,olive oil,0,0,0,0,0,0,0,0,0,226.8,253744.11946249992,50.0,50.0,,,,,,,,,,1076.2250000000001
0.0,18.8,5.2,0,0,rapeseed oil,sunflower oil,0,0,0,0,0,0,0,0,0,96.0,631324.48,50.0,50.0,,,,,,,,,,622.8
2.3,28.0,0.8,0,0,cane,rapeseed oil,0,0,0,0,0,0,0,0,0,135.9,255364.273025,50.0,50.0,,,,,,,,,,428.9
0.0,2.2,0.0,14,g,apple,sunflower oil,rapeseed oil,0,0,0,0,0,0,0,0,8.8,361902.3378444445,33.33333333333333,33.33333333333333,33.33333333333333,,,,,,,,,475.2333333333332
0.0,6.4,0.0,0,0,rapeseed oil,cheese,0,0,0,0,0,0,0,0,0,25.6,356920.9947853339,50.0,50.0,,,,,,,,,,2921.45
39.2,52.9,1.3,0,0,apple,0,0,0,0,0,0,0,0,0,0,569.6,270962.2106,100.0,,,,,,,,,,,180.1
2.1,44.8,10.0,0,0,rapeseed oil,palm oil,0,0,0,0,0,0,0,0,0,238.1,400942.6600440906,99.99999983938802,1.606119827428774e-07,,,,,,,,,,237.6999996285045
2.3,45.2,8.4,0,0,rapeseed oil,palm oil,0,0,0,0,0,0,0,0,0,235.1,404662.5,100.0,0.0,,,,,,,,,,237.7
8.8,38.5,11.2,0,0,rapeseed oil,palm oil,0,0,0,0,0,0,0,0,0,278.0,350981.13,100.0,0.0,,,,,,,,,,237.7
1.4,45.5,8.4,0,0,rapeseed oil,palm oil,0,0,0,0,0,0,0,0,0,228.2,413565.21,100.0,0.0,,,,,,,,,,237.7
2.2,47.9,8.7,0,0,rapeseed oil,palm oil,0,0,0,0,0,0,0,0,0,246.2,391144.58,100.0,0.0,,,,,,,,,,237.7
2.0,44.7,8.8,0,0,rapeseed oil,palm oil,0,0,0,0,0,0,0,0,0,232.0,408579.53,100.0,0.0,,,,,,,,,,237.7
3.2,43.7,8.6,0,0,olive oil,rapeseed oil,0,0,0,0,0,0,0,0,0,238.00000000000003,428669.89,50.0,50.0,,,,,,,,,,1189.75
1.9,39.1,10.8,0,0,rapeseed oil,palm oil,0,0,0,0,0,0,0,0,0,216.7,427681.15,100.0,0.0,,,,,,,,,,237.7
1.6,44.9,9.3,0,0,rapeseed oil,palm oil,0,0,0,0,0,0,0,0,0,231.2,409693.7,100.0,0.0,,,,,,,,,,237.7
3.6,46.0,8.1,0,0,rapeseed oil,palm oil,0,0,0,0,0,0,0,0,0,248.8,387488.81000000006,100.0,0.0,,,,,,,,,,237.7
3.9,38.3,9.6,0,0,palm oil,rapeseed oil,0,0,0,0,0,0,0,0,0,226.7,414400.35,100.0,0.0,,,,,,,,,,6.4
4.6,45.0,11.0,0,0,rapeseed oil,palm oil,0,0,0,0,0,0,0,0,0,265.4,367178.7200104275,99.99999996027664,3.9723366881006666e-08,,,,,,,,,,237.69999990811985
4.2,34.8,12.0,0,0,palm oil,rapeseed oil,0,0,0,0,0,0,0,0,0,225.0,416301.68,100.0,0.0,,,,,,,,,,6.4
2.5,47.2,9.8,63,g,rapeseed oil,palm oil,0,0,0,0,0,0,0,0,0,250.5,385762.38,100.0,0.0,,,,,,,,,,237.7
1.1,55.5,11.3,0,0,rapeseed oil,sunflower oil,0,0,0,0,0,0,0,0,0,277.1,381316.7600000001,50.0,50.0,,,,,,,,,,622.8
0.0,0.0,0.0,0,0,rapeseed oil,butter,0,0,0,0,0,0,0,0,0,0.0,315479.13785,0.0,100.0,,,,,,,,,,10.65
1.3,50.0,7.5,0,0,rapeseed oil,palm oil,0,0,0,0,0,0,0,0,0,241.7,397070.03,100.0,0.0,,,,,,,,,,237.7
3.9,53.3,7.0,72,g,rapeseed oil,palm oil,0,0,0,0,0,0,0,0,0,276.3,355169.59,100.0,0.0,,,,,,,,,,237.7
9.0,64.4,6.3,0,0,palm oil,rapeseed oil,0,0,0,0,0,0,0,0,0,363.8,260671.29,100.0,0.0,,,,,,,,,,6.4
16.5,37.3,6.1,0,0,palm oil,rapeseed oil,0,0,0,0,0,0,0,0,0,322.1,299892.75999999995,100.0,0.0,,,,,,,,,,6.4
8.7,59.2,6.7,0,0,rapeseed oil,palm oil,0,0,0,0,0,0,0,0,0,341.90000000000003,282389.22999999986,100.0,0.0,,,,,,,,,,237.7
8.7,58.6,5.9,0,0,rapeseed oil,palm oil,0,0,0,0,0,0,0,0,0,336.3,288164.95000000007,100.0,0.0,,,,,,,,,,237.7
13.9,17.3,13.3,0,0,sunflower oil,rapeseed oil,palm oil,maize,0,0,0,0,0,0,0,247.5,256063.16917704017,25.0,25.0,25.0,25.0,,,,,,,,366.925
0.0,13.5,0.0,0,0,olive oil,tomato,sunflower oil,0,0,0,0,0,0,0,0,54.0,297644.1229444444,33.33333333333333,33.33333333333333,33.33333333333333,,,,,,,,,1173.1666666666665
0.0,0.0,0.0,0,0,palm oil,olive oil,0,0,0,0,0,0,0,0,0,0.0,753044.0,100.0,0.0,,,,,,,,,,6.4
0.0,0.0,0.0,0,0,palm oil,tea,olive oil,0,0,0,0,0,0,0,0,0.0,345590.8720043837,33.33333333333333,33.33333333333333,33.33333333333333,,,,,,,,,722.7333333333332
0.0,0.0,0.0,0,0,sunflower oil,sunflower seeds,0,0,0,0,0,0,0,0,0,0.0,544698.985,50.0,50.0,,,,,,,,,,784.49285715
9.7,6.2,4.2,0,0,egg,sunflower oil,rapeseed oil,0,0,0,0,0,0,0,0,128.9,261817.5504555555,33.33333333333333,33.33333333333333,33.33333333333333,,,,,,,,,607.7666666666665
21.8,19.4,0.5,15,ml,rapeseed oil,olive oil,0,0,0,0,0,0,0,0,0,275.8,376399.09,50.0,50.0,,,,,,,,,,1189.75
2.8,3.1,17.6,25,g,pork,rapeseed oil,0,0,0,0,0,0,0,0,0,108.0,276797.54625,50.0,50.0,,,,,,,,,,1016.75
99.8,0.0,0.0,10,g,pork,0,0,0,0,0,0,0,0,0,0,898.1999999999999,277076.3009999999,100.0,,,,,,,,,,,1795.8
100.0,0.0,0.0,10,g,beef,0,0,0,0,0,0,0,0,0,0,900.0,376949.3849,100.0,,,,,,,,,,,1451.2
0.0,0.6,0.5,12,g,rapeseed oil,olive oil,palm oil,milk,0,0,0,0,0,0,0,4.4,452440.4524875,25.0,25.0,25.0,25.0,,,,,,,,753.5250000000001
8.2,41.9,8.6,66,g,butter,olive oil,palm oil,rapeseed oil,0,0,0,0,0,0,0,275.8,280155.508365625,25.0,25.0,25.0,25.0,,,,,,,,599.1375
13.5,47.6,7.1,58,g,rapeseed oil,palm oil,0,0,0,0,0,0,0,0,0,340.3,281969.3100473198,99.99999979385606,2.0614393368310546e-07,,,,,,,,,,237.69999952318906
1.9,2.4,20.2,24,g,pork,rapeseed oil,0,0,0,0,0,0,0,0,0,107.5,277495.39325,50.0,50.0,,,,,,,,,,1016.75
1.9,2.4,20.1,24,g,pork,rapeseed oil,0,0,0,0,0,0,0,0,0,107.1,277910.91425,50.0,50.0,,,,,,,,,,1016.75
3.5,1.7,22.9,25,g,pork,rapeseed oil,0,0,0,0,0,0,0,0,0,129.89999999999998,254457.62425,50.0,50.0,,,,,,,,,,1016.75
2.1,1.8,17.6,25,g,pork,rapeseed oil,0,0,0,0,0,0,0,0,0,96.5,289020.54525,50.0,50.0,,,,,,,,,,1016.75
2.5,3.3,23.2,17,g,pork,rapeseed oil,0,0,0,0,0,0,0,0,0,128.5,256006.59125,50.0,50.0,,,,,,,,,,1016.75
2.6,46.5,10.2,60,g,rapeseed oil,palm oil,0,0,0,0,0,0,0,0,0,250.2,386052.2899999999,100.0,0.0,,,,,,,,,,237.7
2.4,49.6,8.5,60,g,rapeseed oil,palm oil,0,0,0,0,0,0,0,0,0,254.0,381722.1700779544,99.9999997086033,2.913966947864231e-07,,,,,,,,,,237.6999993259994
2.0,49.6,8.6,42,g,rapeseed oil,palm oil,0,0,0,0,0,0,0,0,0,250.8,385703.56000000006,100.0,0.0,,,,,,,,,,237.7
2.1,46.9,10.1,36,g,rapeseed oil,palm oil,0,0,0,0,0,0,0,0,0,246.9,390234.04,100.0,0.0,,,,,,,,,,237.7
2.1,46.9,10.1,42,g,rapeseed oil,palm oil,0,0,0,0,0,0,0,0,0,246.9,390234.04,100.0,0.0,,,,,,,,,,237.7
2.0,49.6,8.6,40,g,rapeseed oil,palm oil,0,0,0,0,0,0,0,0,0,250.8,385703.56000000006,100.0,0.0,,,,,,,,,,237.7
3.6,42.8,9.4,44,g,palm oil,rapeseed oil,0,0,0,0,0,0,0,0,0,241.2,396605.8000475592,99.99999982588844,1.7411155919155e-07,,,,,,,,,,6.400000402720037
6.1,37.9,11.2,44,g,palm oil,rapeseed oil,0,0,0,0,0,0,0,0,0,251.3,383333.5500000001,100.0,0.0,,,,,,,,,,6.4
2.6,46.4,9.0,0,0,rapeseed oil,palm oil,0,0,0,0,0,0,0,0,0,245.0,392409.7200469366,99.99999982710912,1.7289089525692097e-07,,,,,,,,,,237.69999960010338
2.9,39.7,10.5,0,0,rapeseed oil,palm oil,0,0,0,0,0,0,0,0,0,226.9,414466.76,100.0,0.0,,,,,,,,,,237.7
3.5,51.6,7.8,0,0,rapeseed oil,palm oil,0,0,0,0,0,0,0,0,0,269.1,363566.06,100.0,0.0,,,,,,,,,,237.7
2.6,46.1,11.1,0,0,rapeseed oil,palm oil,0,0,0,0,0,0,0,0,0,252.2,383591.2199999999,100.0,0.0,,,,,,,,,,237.7
1.9,53.0,8.7,0,0,rapeseed oil,palm oil,0,0,0,0,0,0,0,0,0,263.90000000000003,370231.9099999999,100.0,0.0,,,,,,,,,,237.7
0.0,0.0,0.0,0,0,sunflower seeds,butter,0,0,0,0,0,0,0,0,0,0.0,315479.13785,0.0,100.0,,,,,,,,,,10.65
0.7,5.6,0.7,300,g,rapeseed oil,rice,0,0,0,0,0,0,0,0,0,31.5,354717.76986875,50.0,50.0,,,,,,,,,,1243.05
9.6,0.1,1.5,0,0,sunflower oil,wine,olive oil,0,0,0,0,0,0,0,0,92.8,278045.0756999999,33.33333333333333,33.33333333333333,33.33333333333333,,,,,,,,,1076.1999999999998
12.5,0.7,26.2,0,0,sunflower oil,olive oil,0,0,0,0,0,0,0,0,0,220.1,449106.39,50.0,50.0,,,,,,,,,,1574.8500000000001
10.8,24.7,4.9,0,0,palm oil,rapeseed oil,animal fats,0,0,0,0,0,0,0,0,215.6,426423.7,100.0,0.0,0.0,,,,,,,,,6.4
100.0,0.0,0.5,0,0,milk,0,0,0,0,0,0,0,0,0,0,902.0,716667.5638,100.0,,,,,,,,,,,628.2
0.0,1.1,0.0,100,ml,beef,animal fats,palm oil,0,0,0,0,0,0,0,0,4.4,468828.5016555556,33.33333333333333,33.33333333333333,33.33333333333333,,,,,,,,,895.1666666666665
1.3,7.0,0.5,0,0,onion,palm oil,sunflower oil,0,0,0,0,0,0,0,0,41.7,309092.2796456857,33.33333333333333,33.33333333333333,33.33333333333333,,,,,,,,,342.86666666666656
4.9,3.9,0.6,0,0,sunflower oil,wine,olive oil,0,0,0,0,0,0,0,0,62.1,311738.4236999998,33.33333333333333,33.33333333333333,33.33333333333333,,,,,,,,,1076.1999999999998
3.5,2.3,3.1,0,0,sunflower oil,wine,olive oil,0,0,0,0,0,0,0,0,53.1,321984.6450333332,33.33333333333333,33.33333333333333,33.33333333333333,,,,,,,,,1076.1999999999998
38.0,52.0,5.8,0,0,milk,0,0,0,0,0,0,0,0,0,0,573.2,265791.7638,100.0,,,,,,,,,,,628.2
55.8,6.7,25.5,25,g,fish,0,0,0,0,0,0,0,0,0,0,631.0,260008.50592233197,100.0,,,,,,,,,,,3691.3
7.9,51.1,8.3,64,g,palm oil,rapeseed oil,0,0,0,0,0,0,0,0,0,308.70000000000005,317303.40006833465,99.99999971930916,2.806908448728111e-07,,,,,,,,,,6.400000649237925
11.3,52.4,5.7,46,g,palm oil,rapeseed oil,0,0,0,0,0,0,0,0,0,334.1,289324.3500636415,99.99999972600928,2.739907209150183e-07,,,,,,,,,,6.400000633740538
9.4,49.7,5.6,56,g,palm oil,rapeseed oil,0,0,0,0,0,0,0,0,0,305.8,320068.25000000006,100.0,0.0,,,,,,,,,,6.4
38.0,35.0,20.0,33,g,milk,0,0,0,0,0,0,0,0,0,0,562.0,253404.3438,100.0,,,,,,,,,,,628.2
36.0,41.0,20.0,33,g,milk,0,0,0,0,0,0,0,0,0,0,568.0,259716.0638,100.0,,,,,,,,,,,628.2
57.0,14.0,16.0,15,g,fish,0,0,0,0,0,0,0,0,0,0,633.0,262283.1653136935,100.0,,,,,,,,,,,3691.3
0.0,33.0,0.0,0,0,nuts,sunflower oil,0,0,0,0,0,0,0,0,0,132.0,343088.409199725,50.0,50.0,,,,,,,,,,2570.85
0.0,2.0,0.0,0,0,chicken,animal fats,0,0,0,0,0,0,0,0,0,8.0,306450.4409,50.0,50.0,,,,,,,,,,943.95
14.4,17.2,12.0,0,0,sunflower oil,rapeseed oil,palm oil,maize,0,0,0,0,0,0,0,246.4,257080.0143436884,25.0,25.0,25.0,25.0,,,,,,,,366.925
13.7,17.3,12.0,0,0,sunflower oil,rapeseed oil,palm oil,maize,0,0,0,0,0,0,0,240.5,263138.5813435899,25.0,25.0,25.0,25.0,,,,,,,,366.925
11.4,17.4,11.9,0,0,sunflower oil,rapeseed oil,palm oil,0,0,0,0,0,0,0,0,219.8,420715.1700000001,100.0,0.0,0.0,,,,,,,,,1007.9
12.7,5.3,3.1,0,0,olive oil,sunflower oil,0,0,0,0,0,0,0,0,0,147.9,549502.2000000001,50.0,50.0,,,,,,,,,,1574.8500000000001
1.6,16.2,0.5,1,0,rapeseed oil,sunflower oil,0,0,0,0,0,0,0,0,0,81.2,654433.09,50.0,50.0,,,,,,,,,,622.8
0.5,1.4,0.5,0,0,chicken,animal fats,0,0,0,0,0,0,0,0,0,12.1,301884.78089999995,50.0,50.0,,,,,,,,,,943.95
0.5,1.4,0.5,0,0,beef,animal fats,onion,sunflower oil,0,0,0,0,0,0,0,12.1,269345.02190261235,25.0,25.0,25.0,25.0,,,,,,,,925.3250000000002
0.3,3.0,0.5,0,0,chicken,animal fats,0,0,0,0,0,0,0,0,0,16.7,296908.9528999999,50.0,50.0,,,,,,,,,,943.95
0.0,0.0,0.0,0,0,nuts,sunflower oil,potato,0,0,0,0,0,0,0,0,0.0,254929.4377225801,33.33333333333333,33.33333333333333,33.33333333333333,,,,,,,,,1733.5999999999997
0.0,0.0,0.0,0,0,nuts,rice,sunflower oil,0,0,0,0,0,0,0,0,0.0,359431.42846404755,33.33333333333333,33.33333333333333,33.33333333333333,,,,,,,,,2463.3666666666663
5.3,0.5,28.0,106,g,chicken,rapeseed oil,sunflower oil,0,0,0,0,0,0,0,0,161.7,254183.16951111105,33.33333333333333,33.33333333333333,33.33333333333333,,,,,,,,,635.1999999999998
35.0,2.7,0.0,0,0,rapeseed oil,palm oil,0,0,0,0,0,0,0,0,0,325.8,291742.73000000004,100.0,0.0,,,,,,,,,,237.7
82.2,0.0,700.0,0,0,milk,0,0,0,0,0,0,0,0,0,0,3539.8,12593902.155800002,100.0,,,,,,,,,,,628.2
4.5,19.8,4.6,1,0,sunflower oil,rapeseed oil,0,0,0,0,0,0,0,0,0,138.1,565900.2599999999,50.0,50.0,,,,,,,,,,622.8
18.7,19.6,1.0,15,ml,rapeseed oil,olive oil,0,0,0,0,0,0,0,0,0,250.7,408063.73999999993,50.0,50.0,,,,,,,,,,1189.75
3.0,0.2,27.5,0,0,chicken,olive oil,rapeseed oil,0,0,0,0,0,0,0,0,137.8,278909.8281777776,33.33333333333333,33.33333333333333,33.33333333333333,,,,,,,,,1013.1666666666665
337.0,34.0,84.0,0,0,butter,0,0,0,0,0,0,0,0,0,0,3505.0,8766547.037850002,100.0,,,,,,,,,,,10.65
6.4,22.3,11.4,0,0,bread,rapeseed oil,palm oil,0,0,0,0,0,0,0,0,192.4,256304.80393122215,33.33333333333333,33.33333333333333,33.33333333333333,,,,,,,,,297.19999999999993
7.4,7.7,1.3,1,0,onion,rapeseed oil,sunflower oil,0,0,0,0,0,0,0,0,102.6,252061.8017198786,33.33333333333333,33.33333333333333,33.33333333333333,,,,,,,,,419.9666666666666
2.2,53.1,10.6,0,0,rapeseed oil,butter,olive oil,0,0,0,0,0,0,0,0,274.6,260731.11664999984,33.33333333333333,33.33333333333333,33.33333333333333,,,,,,,,,796.7166666666666
10.5,37.5,7.8,0,0,butter,rapeseed oil,olive oil,0,0,0,0,0,0,0,0,275.7,256895.34398333324,33.33333333333333,33.33333333333333,33.33333333333333,,,,,,,,,796.7166666666666
0.0,0.0,0.0,0,0,cheese,tomato,rapeseed oil,olive oil,0,0,0,0,0,0,0,0.0,289768.92949362006,25.0,25.0,25.0,25.0,,,,,,,,2088.625
4.0,23.1,5.7,0,0,bread,rapeseed oil,palm oil,0,0,0,0,0,0,0,0,151.2,299653.4433978889,33.33333333333333,33.33333333333333,33.33333333333333,,,,,,,,,297.19999999999993
3.0,45.9,8.3,0,0,rapeseed oil,palm oil,0,0,0,0,0,0,0,0,0,243.8,393755.94000000006,100.0,0.0,,,,,,,,,,237.7
2.4,51.8,10.7,50,g,palm oil,rapeseed oil,0,0,0,0,0,0,0,0,0,271.6,360895.65,100.0,0.0,,,,,,,,,,6.4
9.4,17.2,0.8,0,0,nuts,palm oil,0,0,0,0,0,0,0,0,0,156.60000000000002,301291.223964809,50.0,50.0,,,,,,,,,,2070.1
0.0,0.0,0.0,0,0,sunflower oil,sunflower seeds,nuts,0,0,0,0,0,0,0,0,0.0,453338.67491531215,33.33333333333333,33.33333333333333,33.33333333333333,,,,,,,,,1900.928571433333
0.0,0.0,0.0,0,0,nuts,sunflower seeds,cane,sunflower oil,0,0,0,0,0,0,0,0.0,364537.2605197852,25.0,25.0,25.0,25.0,,,,,,,,1580.7214285750001
0.0,0.0,0.0,0,0,sunflower oil,cane,nuts,0,0,0,0,0,0,0,0,0.0,371507.84277654806,33.33333333333333,33.33333333333333,33.33333333333333,,,,,,,,,1920.5999999999997
0.0,0.0,0.0,0,0,potato,rapeseed oil,sunflower oil,0,0,0,0,0,0,0,0,0.0,384561.8514583623,33.33333333333333,33.33333333333333,33.33333333333333,,,,,,,,,434.89999999999986
0.0,0.0,0.0,0,0,sunflower oil,rice,0,0,0,0,0,0,0,0,0,0.0,393530.53686875,50.0,50.0,,,,,,,,,,1628.15
0.0,0.0,0.0,0,0,potato,sunflower oil,rapeseed oil,0,0,0,0,0,0,0,0,0.0,384561.8514583623,33.33333333333333,33.33333333333333,33.33333333333333,,,,,,,,,434.89999999999986
0.0,0.0,0.0,0,0,maize,rapeseed oil,0,0,0,0,0,0,0,0,0,0.0,396271.4387207759,50.0,50.0,,,,,,,,,,226.7
404.0,444.0,78.0,0,0,potato,olive oil,0,0,0,0,0,0,0,0,0,5724.0,23721236.0,100.0,0.0,,,,,,,,,,59.1
0.0,0.0,0.0,0,0,rice,sunflower oil,0,0,0,0,0,0,0,0,0,0.0,393530.53686875,50.0,50.0,,,,,,,,,,1628.15
0.0,0.0,0.0,0,0,rice,maize,sunflower oil,0,0,0,0,0,0,0,0,0.0,294267.6909370924,33.33333333333333,33.33333333333333,33.33333333333333,,,,,,,,,1157.333333333333
1.6,74.6,13.6,0,0,olive oil,rapeseed oil,0,0,0,0,0,0,0,0,0,367.19999999999993,282514.92000000004,50.0,50.0,,,,,,,,,,1189.75
79.0,871.0,2.0,2,g,butter,0,0,0,0,0,0,0,0,0,0,4203.0,14031942.417850005,100.0,,,,,,,,,,,10.65
80.0,879.0,2.0,2,g,butter,0,0,0,0,0,0,0,0,0,0,4244.0,14346425.47785,100.0,,,,,,,,,,,10.65
110.0,585.0,120.0,1,0,nuts,milk,egg,0,0,0,0,0,0,0,0,3810.0,13035764.986053292,33.33333333333333,33.33333333333333,33.33333333333333,,,,,,,,,1779.8999999999996
1.2,7.2,3.3,1,0,chicken,rapeseed oil,0,0,0,0,0,0,0,0,0,52.8,249971.7989,50.0,50.0,,,,,,,,,,448.85
0.9,7.8,0.9,0,0,potato,palm oil,cheese,rapeseed oil,0,0,0,0,0,0,0,42.9,255897.5576588793,24.999999786282547,24.999999786282547,25.000000641152354,25.000000641152354,,,,,,,,1477.1000373219058
0.0,0.0,0.0,0,0,fish,olive oil,0,0,0,0,0,0,0,0,0,0.0,256717.0354324169,50.0,50.0,,,,,,,,,,2916.55
8.3,63.0,4.5,0,0,palm oil,rapeseed oil,0,0,0,0,0,0,0,0,0,344.7,279997.43,100.0,0.0,,,,,,,,,,6.4
0.5,1.1,0.5,0,0,beef,animal fats,palm oil,root,0,0,0,0,0,0,0,10.9,270962.25665490725,25.0,25.0,25.0,25.0,,,,,,,,678.4750000000001
0.4,3.0,0.4,0,0,beef,animal fats,onion,sunflower oil,0,0,0,0,0,0,0,17.2,264120.8410692873,25.0,25.0,25.0,25.0,,,,,,,,925.3250000000002
0.5,0.9,0.1,0,0,maize,palm oil,0,0,0,0,0,0,0,0,0,8.5,372110.251721426,50.0,50.0,,,,,,,,,,111.05
0.0,0.0,0.0,0,0,rapeseed oil,egg,olive oil,cane,0,0,0,0,0,0,0,0.0,335161.9103625,25.0,25.0,25.0,25.0,,,,,,,,894.325
0.0,3.5,0.0,50,g,pork,animal fats,0,0,0,0,0,0,0,0,0,14.0,395246.59825,50.0,50.0,,,,,,,,,,1511.85
0.0,11.9,0.0,50,g,peas,rapeseed oil,0,0,0,0,0,0,0,0,0,47.6,255308.09495625,50.0,50.0,,,,,,,,,,317.15
0.0,4.7,0.0,50,g,sunflower oil,rapeseed oil,0,0,0,0,0,0,0,0,0,18.8,758593.13,50.0,50.0,,,,,,,,,,622.8
0.0,11.0,0.0,43,g,peas,rapeseed oil,olive oil,0,0,0,0,0,0,0,0,44.0,385813.30575833336,33.33333333333333,33.33333333333333,33.33333333333333,,,,,,,,,925.3666666666666
0.0,0.5,0.0,10,g,palm oil,rapeseed oil,0,0,0,0,0,0,0,0,0,2.0,749600.25,100.0,0.0,,,,,,,,,,6.4
0.0,1.3,0.0,10,g,palm oil,rapeseed oil,0,0,0,0,0,0,0,0,0,5.2,744107.9300153254,99.99999995934736,4.0652644266300434e-08,,,,,,,,,,6.400000094029568
0.0,3.0,0.0,10,g,sunflower oil,palm oil,0,0,0,0,0,0,0,0,0,12.0,732509.0001284064,99.9999996566674,3.4333260012321185e-07,,,,,,,,,,1007.899996561524
0.0,0.25,0.0,5,g,butter,rapeseed oil,0,0,0,0,0,0,0,0,0,1.0,525116.2044624998,50.0,50.0,,,,,,,,,,124.175
0.0,0.8,0.0,10,g,rapeseed oil,palm oil,0,0,0,0,0,0,0,0,0,3.2,747538.08,100.0,0.0,,,,,,,,,,237.7
0.0,2.7,0.0,10,g,rapeseed oil,palm oil,0,0,0,0,0,0,0,0,0,10.8,734548.7300000001,100.0,0.0,,,,,,,,,,237.7
0.0,0.0,0.0,10,g,rapeseed oil,palm oil,butter,0,0,0,0,0,0,0,0,0.0,597557.9286499999,33.33333333333333,33.33333333333333,33.33333333333333,,,,,,,,,84.91666666666664
0.0,0.8,0.0,0,0,sunflower oil,palm oil,rapeseed oil,milk,0,0,0,0,0,0,0,3.2,454046.2719875,25.0,25.0,25.0,25.0,,,,,,,,470.05
0.0,0.6,0.0,10,g,rapeseed oil,olive oil,palm oil,0,0,0,0,0,0,0,0,2.4,748912.52,100.0,0.0,0.0,,,,,,,,,237.7
0.0,1.5,0.0,2,0,rapeseed oil,palm oil,0,0,0,0,0,0,0,0,0,6.0,742738.25,100.0,0.0,,,,,,,,,,237.7
0.0,0.6,0.0,0,0,palm oil,olive oil,milk,rapeseed oil,butter,0,0,0,0,0,0,2.4,424519.34839800006,20.0,20.0,20.0,20.0,20.0,,,,,,,604.95
0.0,1.2,0.0,0,0,rapeseed oil,palm oil,milk,0,0,0,0,0,0,0,0,4.8,361638.3075333334,33.33333333333333,33.33333333333333,33.33333333333333,,,,,,,,,290.76666666666665
0.0,1.1,0.0,10,g,butter,rapeseed oil,0,0,0,0,0,0,0,0,0,4.4,520226.5794625,50.0,50.0,,,,,,,,,,124.175
0.0,1.0,0.0,10,g,rapeseed oil,palm oil,0,0,0,0,0,0,0,0,0,4.0,746165.0,100.0,0.0,,,,,,,,,,237.7
0.0,9.9,0.0,0,0,rice,sunflower oil,0,0,0,0,0,0,0,0,0,39.6,344979.79836875,50.0,50.0,,,,,,,,,,1628.15
0.0,9.5,0.0,0,0,rice,sunflower oil,0,0,0,0,0,0,0,0,0,38.0,346876.84436875,50.0,50.0,,,,,,,,,,1628.15
0.0,10.5,0.0,0,0,rice,sunflower oil,0,0,0,0,0,0,0,0,0,42.0,342144.42936875,50.0,50.0,,,,,,,,,,1628.15
0.0,19.0,0.0,40,g,cheese,palm oil,0,0,0,0,0,0,0,0,0,76.0,288030.9274023947,50.0,50.0,,,,,,,,,,2805.7999999999997
0.0,3.8,0.0,0,0,sunflower oil,cheese,0,0,0,0,0,0,0,0,0,15.2,369365.9745790531,50.0,50.0,,,,,,,,,,3306.5499999999997
0.0,25.5,0.0,100,g,sunflower oil,rapeseed oil,butter,0,0,0,0,0,0,0,0,102.0,461637.9219833332,33.33333333333333,33.33333333333333,33.33333333333333,,,,,,,,,418.7499999999999
0.0,25.2,0.0,100,g,sunflower oil,rapeseed oil,berrie,0,0,0,0,0,0,0,0,100.8,261995.6388579432,33.33333333333333,33.33333333333333,33.33333333333333,,,,,,,,,555.0666666666665
0.0,19.1,0.0,0,0,butter,rice,rapeseed oil,0,0,0,0,0,0,0,0,76.4,279369.815775,33.33333333333333,33.33333333333333,33.33333333333333,,,,,,,,,832.2499999999999
0.0,0.0,0.0,0,0,chicken,bread,olive oil,rapeseed oil,butter,sunflower oil,0,0,0,0,0,0.0,397743.47664725,16.666666666666664,16.666666666666664,16.666666666666664,16.666666666666664,16.666666666666664,16.666666666666664,,,,,,784.2583333333332
0.0,0.0,0.0,0,0,chicken,bread,olive oil,rapeseed oil,cheese,pork,0,0,0,0,0,0.0,261335.2934215782,16.666666666666664,16.666666666666664,16.666666666666664,16.666666666666664,16.666666666666664,16.666666666666664,,,,,,1847.9999999999998
0.0,0.7,0.0,125,g,chicken,rapeseed oil,0,0,0,0,0,0,0,0,0,2.8,302277.57090000005,50.0,50.0,,,,,,,,,,448.85
0.0,16.3,0.0,0,0,chicken,rapeseed oil,sunflower oil,0,0,0,0,0,0,0,0,65.2,360420.7481777776,33.33333333333333,33.33333333333333,33.33333333333333,,,,,,,,,635.1999999999998
0.0,1.9,0.0,114,g,beef,animal fats,0,0,0,0,0,0,0,0,0,7.6,350728.91622499994,50.0,50.0,,,,,,,,,,1339.5500000000002
0.0,13.0,0.0,68,g,pork,animal fats,potato,sunflower oil,0,0,0,0,0,0,0,52.0,262493.8091598925,25.0,25.0,25.0,25.0,,,,,,,,1022.675
0.0,8.1,0.0,0,0,pork,animal fats,sunflower oil,beef,0,0,0,0,0,0,0,32.4,341709.73795625,25.0,25.0,25.0,25.0,,,,,,,,1370.7
0.0,7.0,0.0,56,g,pork,animal fats,0,0,0,0,0,0,0,0,0,28.0,377979.34825,50.0,50.0,,,,,,,,,,1511.85
0.0,1.1,0.0,63,g,pork,animal fats,beef,0,0,0,0,0,0,0,0,4.4,271868.7797,33.33333333333333,33.33333333333333,33.33333333333333,,,,,,,,,1491.633333333333
0.0,12.7,0.0,159,g,fish,rapeseed oil,rice,sunflower oil,0,0,0,0,0,0,0,50.8,266036.70775789657,25.000000017261986,24.999999994246004,24.999999994246004,25.000000017261986,,,,,,,,1796.325000668125
0.0,0.5,0.0,131,0,fish,rapeseed oil,palm oil,0,0,0,0,0,0,0,0,2.0,390644.7584947408,33.33333333333333,33.33333333333333,33.33333333333333,,,,,,,,,1311.8
0.0,6.1,0.0,1,0,cheese,tomato,rapeseed oil,sunflower oil,0,0,0,0,0,0,0,24.4,264257.44638944947,25.0,25.0,25.0,25.0,,,,,,,,1805.1499999999999
0.0,1.9,0.0,20,g,pork,animal fats,0,0,0,0,0,0,0,0,0,7.6,403278.91825,50.0,50.0,,,,,,,,,,1511.85
0.0,2.0,0.0,0,0,pork,animal fats,0,0,0,0,0,0,0,0,0,8.0,402774.34825,50.0,50.0,,,,,,,,,,1511.85
0.0,17.0,0.0,0,0,cheese,rapeseed oil,palm oil,0,0,0,0,0,0,0,0,68.0,405895.0913467541,33.33333333333333,33.33333333333333,33.33333333333333,,,,,,,,,1949.7666666666664
0.0,1.1,0.0,22,g,pork,sunflower oil,0,0,0,0,0,0,0,0,0,4.4,395985.9182500001,50.0,50.0,,,,,,,,,,1401.85
0.0,1.2,0.0,22,g,pork,sunflower oil,0,0,0,0,0,0,0,0,0,4.8,395485.82825,50.0,50.0,,,,,,,,,,1401.85
0.0,40.4,0.0,0,0,palm oil,rapeseed oil,0,0,0,0,0,0,0,0,0,161.6,502192.3200503142,99.99999983673511,1.632648858924609e-07,,,,,,,,,,6.400000377631681
0.0,41.6,0.0,94,g,palm oil,butter,rapeseed oil,0,0,0,0,0,0,0,0,166.4,371180.4353166666,33.33333333333333,33.33333333333333,33.33333333333333,,,,,,,,,84.91666666666664
0.0,34.5,0.0,90,g,cheese,palm oil,rapeseed oil,0,0,0,0,0,0,0,0,138.0,323123.81663134746,33.33333333333333,33.33333333333333,33.33333333333333,,,,,,,,,1949.7666666666664
0.0,36.8,0.0,90,g,cheese,palm oil,rapeseed oil,0,0,0,0,0,0,0,0,147.2,313019.4862401797,33.33333333333333,33.33333333333333,33.33333333333333,,,,,,,,,1949.7666666666664
0.0,22.0,0.0,0,0,cheese,maize,rapeseed oil,olive oil,0,0,0,0,0,0,0,88.0,289444.6224274913,25.0,25.0,25.0,25.0,,,,,,,,2050.1
0.0,43.9,0.0,51,g,butter,rapeseed oil,palm oil,0,0,0,0,0,0,0,0,175.6,360380.8619833333,33.33333333333333,33.33333333333333,33.33333333333333,,,,,,,,,84.91666666666663
0.0,2.2,0.0,4,0,butter,olive oil,rapeseed oil,0,0,0,0,0,0,0,0,8.8,595303.8086499999,33.33333333333333,33.33333333333333,33.33333333333333,,,,,,,,,796.7166666666666
0.0,43.3,0.0,0,0,butter,palm oil,rapeseed oil,0,0,0,0,0,0,0,0,173.2,363180.8019833332,33.33333333333333,33.33333333333333,33.33333333333333,,,,,,,,,84.91666666666664
0.0,49.5,0.0,43,g,butter,palm oil,rapeseed oil,olive oil,0,0,0,0,0,0,0,198.0,369339.50236562494,25.0,25.0,25.0,25.0,,,,,,,,599.1375
0.0,40.5,0.0,48,g,butter,palm oil,rapeseed oil,olive oil,0,0,0,0,0,0,0,162.0,412987.02736562496,25.0,25.0,25.0,25.0,,,,,,,,599.1375
0.0,44.6,0.0,40,g,palm oil,rapeseed oil,0,0,0,0,0,0,0,0,0,178.4,479298.12,100.0,0.0,,,,,,,,,,6.4
0.0,3.6,0.0,65,g,olive oil,rapeseed oil,cheese,nuts,potato,0,0,0,0,0,0,14.4,289087.5489477851,20.0,20.0,20.0,20.0,20.0,,,,,,,2435.5200000000004
0.0,7.4,0.0,175,g,tomato,onion,olive oil,rapeseed oil,sunflower oil,0,0,0,0,0,0,29.6,265234.4990548729,20.0,20.0,20.0,20.0,20.0,,,,,,,754.3000000000001
0.0,7.1,0.0,0,0,rapeseed oil,olive oil,cheese,0,0,0,0,0,0,0,0,28.4,467240.03531795234,33.33333333333333,33.33333333333333,33.33333333333333,,,,,,,,,2661.566666666666
0.0,4.2,0.0,0,0,olive oil,nuts,cheese,0,0,0,0,0,0,0,0,16.8,336080.728093298,33.33333333333333,33.33333333333333,33.33333333333333,,,,,,,,,3960.266666666666
0.0,17.8,0.0,358,g,tofu,sunflower oil,0,0,0,0,0,0,0,0,0,71.2,356535.1193249999,50.0,50.0,,,,,,,,,,578.25
0.0,14.7,0.0,385,0,rice,chicken,rapeseed oil,sunflower oil,0,0,0,0,0,0,0,58.8,281705.3417035453,25.0000000075,24.9999999975,24.9999999975,25.0000000075,,,,,,,,1038.50000022178
0.0,24.1,0.0,178,g,potato,rapeseed oil,sunflower oil,0,0,0,0,0,0,0,0,96.4,275269.2083471976,33.33333333333333,33.33333333333333,33.33333333333333,,,,,,,,,434.89999999999986
0.0,10.1,0.0,104,g,pork,rice,sunflower oil,0,0,0,0,0,0,0,0,40.4,253303.4431638888,33.33333333333333,33.33333333333333,33.33333333333333,,,,,,,,,1684.0333333333328
0.0,5.3,0.0,0,0,rapeseed oil,sunflower oil,onion,0,0,0,0,0,0,0,0,21.2,340759.2799419204,33.33333333333333,33.33333333333333,33.33333333333333,,,,,,,,,419.9666666666665
0.0,22.0,0.0,113,g,rapeseed oil,sunflower seeds,olive oil,nuts,0,0,0,0,0,0,0,88.0,409423.0941863816,25.000042404233643,24.999985865255454,24.99999790053048,24.999985865255454,,,,,,,,1768.5958207933227
0.0,18.0,0.0,115,g,butter,rapeseed oil,0,0,0,0,0,0,0,0,0,72.0,428108.9044624999,50.0,50.0,,,,,,,,,,124.175
0.0,22.7,0.0,191,g,rapeseed oil,beef,animal fats,0,0,0,0,0,0,0,0,90.8,367968.5727666666,33.33333333333333,33.33333333333333,33.33333333333333,,,,,,,,,972.2666666666665
0.0,25.5,0.0,162,g,rapeseed oil,beef,animal fats,0,0,0,0,0,0,0,0,102.0,354754.62609999994,33.33333333333333,33.33333333333333,33.33333333333333,,,,,,,,,972.2666666666665
0.0,22.4,0.0,190,g,beef,animal fats,rapeseed oil,0,0,0,0,0,0,0,0,89.6,369400.16276666656,33.33333333333333,33.33333333333333,33.33333333333333,,,,,,,,,972.2666666666665
0.0,21.1,0.0,229,g,palm oil,rapeseed oil,chicken,0,0,0,0,0,0,0,0,84.4,329687.1659555555,33.33333333333333,33.33333333333333,33.33333333333333,,,,,,,,,301.36666666666656
0.0,26.8,0.0,50,g,pork,animal fats,palm oil,rapeseed oil,0,0,0,0,0,0,0,107.2,428688.7670625,25.0,25.0,25.0,25.0,,,,,,,,816.9499999999999
0.0,47.8,0.0,0,0,olive oil,rapeseed oil,palm oil,0,0,0,0,0,0,0,0,191.2,462257.48,100.0,0.0,0.0,,,,,,,,,2141.8
0.0,51.2,0.0,0,0,rapeseed oil,palm oil,0,0,0,0,0,0,0,0,0,204.8,444533.2800000001,100.0,0.0,,,,,,,,,,237.7
0.0,46.5,0.0,0,0,olive oil,rapeseed oil,palm oil,0,0,0,0,0,0,0,0,186.0,469138.25,100.0,0.0,0.0,,,,,,,,,2141.8
0.0,34.4,0.0,80,g,sunflower seeds,rapeseed oil,palm oil,0,0,0,0,0,0,0,0,137.6,416249.1133333333,33.33333333333333,33.33333333333333,33.33333333333333,,,,,,,,,268.3952380999999
2.7,47.8,9.6,85,g,olive oil,rapeseed oil,palm oil,0,0,0,0,0,0,0,0,253.9,381629.9,100.0,0.0,0.0,,,,,,,,,2141.8
0.0,49.0,0.0,0,0,rapeseed oil,palm oil,0,0,0,0,0,0,0,0,0,196.0,455957.0,100.0,0.0,,,,,,,,,,237.7
0.0,47.7,0.0,97,g,rapeseed oil,palm oil,0,0,0,0,0,0,0,0,0,190.8,462784.73,100.0,0.0,,,,,,,,,,237.7
0.0,42.6,0.0,85,g,rapeseed oil,palm oil,0,0,0,0,0,0,0,0,0,170.4,490125.32000000007,100.0,0.0,,,,,,,,,,237.7
0.0,45.7,0.0,95,g,palm oil,olive oil,rapeseed oil,0,0,0,0,0,0,0,0,182.8,473401.13000000006,100.0,0.0,0.0,,,,,,,,,6.4
0.0,48.2,0.0,0,0,rapeseed oil,palm oil,0,0,0,0,0,0,0,0,0,192.8,460151.88000000006,100.0,0.0,,,,,,,,,,237.7
1.4,47.8,9.4,97,g,rapeseed oil,palm oil,0,0,0,0,0,0,0,0,0,241.4,397239.5202703538,99.99999900992512,9.900748826688344e-07,,,,,,,,,,237.6999977099568
0.0,43.8,0.0,35,g,sunflower seeds,rapeseed oil,0,0,0,0,0,0,0,0,0,175.2,319242.86499999993,50.0,50.0,,,,,,,,,,399.39285714999994
0.0,52.9,0.0,70,g,rapeseed oil,palm oil,0,0,0,0,0,0,0,0,0,211.6,435818.57,100.0,0.0,,,,,,,,,,237.7
0.0,50.8,0.0,85,g,rapeseed oil,sunflower seeds,0,0,0,0,0,0,0,0,0,203.2,289256.265,50.0,50.0,,,,,,,,,,399.39285714999994
0.0,42.5,0.0,80,g,rapeseed oil,palm oil,0,0,0,0,0,0,0,0,0,170.0,490670.25011003,99.99999963863004,3.613699560076067e-07,,,,,,,,,,237.69999916415128
0.0,49.0,0.0,80,g,rapeseed oil,palm oil,0,0,0,0,0,0,0,0,0,196.0,455957.0,100.0,0.0,,,,,,,,,,237.7
0.0,51.0,0.0,50,g,rapeseed oil,palm oil,0,0,0,0,0,0,0,0,0,204.0,445565.0000000181,99.99999999993742,6.258244855777623e-11,,,,,,,,,,237.69999999985524
0.0,53.3,0.0,50,g,rapeseed oil,butter,0,0,0,0,0,0,0,0,0,213.2,267022.64946249995,50.0,50.0,,,,,,,,,,124.175
0.0,44.3,0.0,0,0,sunflower seeds,rapeseed oil,sunflower oil,0,0,0,0,0,0,0,0,177.2,376696.2788888888,33.33333333333333,33.33333333333333,33.33333333333333,,,,,,,,,602.2285714333332
0.0,49.0,0.0,48,g,sunflower seeds,rapeseed oil,0,0,0,0,0,0,0,0,0,196.0,296807.985,50.0,50.0,,,,,,,,,,399.39285714999994
0.0,50.7,0.0,62.5,g,rapeseed oil,butter,0,0,0,0,0,0,0,0,0,202.8,277442.0194625,50.0,50.0,,,,,,,,,,124.175
0.0,48.0,0.0,70,g,rapeseed oil,palm oil,0,0,0,0,0,0,0,0,0,192.0,461204.0,100.0,0.0,,,,,,,,,,237.7
0.0,47.1,0.0,50,g,rapeseed oil,palm oil,0,0,0,0,0,0,0,0,0,188.4,465955.37,100.0,0.0,,,,,,,,,,237.7
0.0,44.0,0.0,0,0,palm oil,rapeseed oil,0,0,0,0,0,0,0,0,0,176.0,482532.0000818005,99.99999972899369,2.710063154789944e-07,,,,,,,,,,6.400000626837608
0.0,43.3,0.0,70,g,palm oil,rapeseed oil,0,0,0,0,0,0,0,0,0,173.2,486320.33,100.0,0.0,,,,,,,,,,6.4
0.0,52.8,0.0,70,g,rapeseed oil,palm oil,sunflower oil,0,0,0,0,0,0,0,0,211.2,436328.48,100.0,0.0,0.0,,,,,,,,,237.7
0.0,45.3,0.0,80,g,butter,rapeseed oil,palm oil,0,0,0,0,0,0,0,0,181.2,353895.26864999987,33.33333333333333,33.33333333333333,33.33333333333333,,,,,,,,,84.91666666666663
0.0,47.8,0.0,70,g,palm oil,rapeseed oil,butter,0,0,0,0,0,0,0,0,191.2,342479.60198333324,33.33333333333333,33.33333333333333,33.33333333333333,,,,,,,,,84.91666666666664
0.0,46.1,0.0,70,g,palm oil,rapeseed oil,0,0,0,0,0,0,0,0,0,184.4,471266.97,100.0,0.0,,,,,,,,,,6.4
0.0,43.9,0.0,0,0,sunflower seeds,rapeseed oil,0,0,0,0,0,0,0,0,0,175.6,318802.755,50.0,50.0,,,,,,,,,,399.39285714999994
0.0,44.2,0.0,44,g,palm oil,rapeseed oil,0,0,0,0,0,0,0,0,0,176.8,481452.6801099304,99.99999963537412,3.646258817094906e-07,,,,,,,,,,6.400000843379665
0.0,42.9,0.0,0,0,sunflower seeds,palm oil,rapeseed oil,0,0,0,0,0,0,0,0,171.6,374492.2966666666,33.33333333333333,33.33333333333333,33.33333333333333,,,,,,,,,268.3952380999999
0.0,0.0,0.0,0,0,palm oil,rapeseed oil,0,0,0,0,0,0,0,0,0,0.0,753044.0,100.0,0.0,,,,,,,,,,6.4
0.0,47.1,0.0,72,g,palm oil,rapeseed oil,olive oil,0,0,0,0,0,0,0,0,188.4,465955.37,100.0,0.0,0.0,,,,,,,,,6.4
0.0,47.1,0.0,92,g,palm oil,rapeseed oil,olive oil,0,0,0,0,0,0,0,0,188.4,465955.37,100.0,0.0,0.0,,,,,,,,,6.4
0.0,45.0,0.0,50,g,palm oil,rapeseed oil,butter,0,0,0,0,0,0,0,0,180.0,355279.4286499999,33.33333333333333,33.33333333333333,33.33333333333333,,,,,,,,,84.91666666666664
0.0,48.2,0.0,72,g,palm oil,rapeseed oil,olive oil,0,0,0,0,0,0,0,0,192.8,460151.8801448923,99.9999995079189,2.463580316068345e-07,2.457230774012387e-07,,,,,,,,,6.400005816996723
0.0,47.1,0.0,92.5,g,palm oil,rapeseed oil,0,0,0,0,0,0,0,0,0,188.4,465955.37,100.0,0.0,,,,,,,,,,6.4
0.0,45.7,0.0,75,g,palm oil,olive oil,rapeseed oil,0,0,0,0,0,0,0,0,182.8,473401.13000000006,100.0,0.0,0.0,,,,,,,,,6.4
0.0,46.1,0.0,95,g,maize,palm oil,rapeseed oil,0,0,0,0,0,0,0,0,184.4,275823.6360217537,33.33333333333333,33.33333333333333,33.33333333333333,,,,,,,,,153.2666666666666
0.0,47.1,0.0,0,0,palm oil,rapeseed oil,0,0,0,0,0,0,0,0,0,188.4,465955.37,100.0,0.0,,,,,,,,,,6.4
0.0,45.3,0.0,80,g,olive oil,rapeseed oil,0,0,0,0,0,0,0,0,0,181.2,505979.92999999993,50.0,50.0,,,,,,,,,,1189.75
0.0,44.5,0.0,0,0,palm oil,rapeseed oil,0,0,0,0,0,0,0,0,0,178.0,479836.2500952458,99.99999968352697,3.164730422167139e-07,,,,,,,,,,6.400000732002147
0.0,48.7,0.0,0,0,palm oil,rapeseed oil,0,0,0,0,0,0,0,0,0,194.8,457527.5301118964,99.99999961884028,3.811597436284177e-07,,,,,,,,,,6.400000881622488
0.0,46.5,0.0,82,g,palm oil,rapeseed oil,0,0,0,0,0,0,0,0,0,186.0,469138.25,100.0,0.0,,,,,,,,,,6.4
0.0,44.6,0.0,82,g,palm oil,rapeseed oil,0,0,0,0,0,0,0,0,0,178.4,479298.12,100.0,0.0,,,,,,,,,,6.4
0.0,40.3,0.0,96,g,palm oil,rapeseed oil,0,0,0,0,0,0,0,0,0,161.2,502744.73,100.0,0.0,,,,,,,,,,6.4
0.0,57.2,0.0,0,0,palm oil,rapeseed oil,0,0,0,0,0,0,0,0,0,228.8,414214.0800000001,100.0,0.0,,,,,,,,,,6.4
0.0,48.9,0.0,40,g,butter,sunflower oil,0,0,0,0,0,0,0,0,0,195.6,284790.0694624999,50.0,50.0,,,,,,,,,,509.275
0.0,45.4,0.0,0,0,butter,palm oil,0,0,0,0,0,0,0,0,0,181.6,287641.6094624999,50.0,50.0,,,,,,,,,,8.525
0.0,52.9,0.0,35,g,butter,rapeseed oil,0,0,0,0,0,0,0,0,0,211.6,268610.6694624999,50.0,50.0,,,,,,,,,,124.175
0.0,54.8,0.0,50,g,palm oil,rapeseed oil,0,0,0,0,0,0,0,0,0,219.2,426194.88,100.0,0.0,,,,,,,,,,6.4
0.0,50.3,0.0,45,g,rapeseed oil,butter,0,0,0,0,0,0,0,0,0,201.2,279065.3994624999,50.0,50.0,,,,,,,,,,124.175
0.0,44.0,0.0,0,0,butter,rapeseed oil,0,0,0,0,0,0,0,0,0,176.0,305351.20446249994,50.0,50.0,,,,,,,,,,124.175
0.0,63.4,0.0,52,g,palm oil,rapeseed oil,0,0,0,0,0,0,0,0,0,253.6,384170.12,100.0,0.0,,,,,,,,,,6.4
0.0,56.9,0.0,42,g,butter,rapeseed oil,palm oil,0,0,0,0,0,0,0,0,227.6,302721.0953166666,33.33333333333333,33.33333333333333,33.33333333333333,,,,,,,,,84.91666666666663
0.0,63.6,0.0,49,g,butter,rapeseed oil,palm oil,0,0,0,0,0,0,0,0,254.4,275247.96865,33.33333333333333,33.33333333333333,33.33333333333333,,,,,,,,,84.91666666666663
0.0,54.0,0.0,46,g,palm oil,rapeseed oil,0,0,0,0,0,0,0,0,0,216.0,430232.0000796712,99.99999971970465,2.802953675586084e-07,,,,,,,,,,6.400000648323187
0.0,66.9,0.0,32,g,butter,palm oil,rapeseed oil,0,0,0,0,0,0,0,0,267.6,262277.4286499999,33.33333333333333,33.33333333333333,33.33333333333333,,,,,,,,,84.91666666666664
0.0,52.0,0.0,0,0,palm oil,rapeseed oil,0,0,0,0,0,0,0,0,0,208.0,440420.0,100.0,0.0,,,,,,,,,,6.4
0.0,66.6,0.0,32,g,butter,palm oil,rapeseed oil,0,0,0,0,0,0,0,0,266.4,263441.26865,33.33333333333333,33.33333333333333,33.33333333333333,,,,,,,,,84.91666666666664
0.0,57.2,0.0,75,g,butter,rapeseed oil,palm oil,0,0,0,0,0,0,0,0,228.8,301458.3153166667,33.33333333333333,33.33333333333333,33.33333333333333,,,,,,,,,84.91666666666663
0.0,0.0,0.0,0,0,palm oil,rapeseed oil,butter,maize,0,0,0,0,0,0,0,0.0,451256.67662531,25.0,25.0,25.0,25.0,,,,,,,,117.6125
5.7,63.8,7.0,0,0,palm oil,rapeseed oil,0,0,0,0,0,0,0,0,0,334.5,291268.18000802334,99.9999999654311,3.456889922969289e-08,,,,,,,,,,6.400000079957864
4.8,54.1,7.2,0,0,rapeseed oil,palm oil,0,0,0,0,0,0,0,0,0,288.40000000000003,341058.6499999999,100.0,0.0,,,,,,,,,,237.7
0.0,53.4,0.0,0,0,rapeseed oil,palm oil,0,0,0,0,0,0,0,0,0,213.6,433274.12,100.0,0.0,,,,,,,,,,237.7
0.0,66.3,0.0,63,g,butter,palm oil,rapeseed oil,0,0,0,0,0,0,0,0,265.2,264608.16864999995,33.33333333333333,33.33333333333333,33.33333333333333,,,,,,,,,84.91666666666664
0.0,67.1,0.0,0,0,palm oil,rapeseed oil,0,0,0,0,0,0,0,0,0,268.4,366863.37,100.0,0.0,,,,,,,,,,6.4
0.0,63.6,0.0,42,g,palm oil,rapeseed oil,0,0,0,0,0,0,0,0,0,254.4,383222.72,100.0,0.0,,,,,,,,,,6.4
0.0,47.3,0.0,0,0,palm oil,rapeseed oil,0,0,0,0,0,0,0,0,0,189.2,464897.13,100.0,0.0,,,,,,,,,,6.4
0.0,33.6,0.0,0,0,palm oil,rapeseed oil,0,0,0,0,0,0,0,0,0,134.4,540530.7200373105,99.99999988345712,1.1654287118616385e-07,,,,,,,,,,6.4000002695636615
0.0,48.1,0.0,69,g,palm oil,rapeseed oil,0,0,0,0,0,0,0,0,0,192.4,460677.7701431008,99.99999951429342,4.857065816538214e-07,,,,,,,,,,6.400001123439324
0.0,0.0,0.0,0,0,maize,rice,sunflower oil,0,0,0,0,0,0,0,0,0.0,294267.6909370924,33.33333333333333,33.33333333333333,33.33333333333333,,,,,,,,,1157.333333333333
0.0,0.0,0.0,0,0,maize,rice,sunflower oil,sunflower seeds,0,0,0,0,0,0,0,0.0,306153.6053830115,25.0,25.0,25.0,25.0,,,,,,,,1008.271428575
0.0,56.4,0.0,30,g,palm oil,rapeseed oil,0,0,0,0,0,0,0,0,0,225.6,418185.92,100.0,0.0,,,,,,,,,,6.4
0.0,51.8,0.0,40,g,rapeseed oil,palm oil,butter,0,0,0,0,0,0,0,0,207.2,324656.53531666653,33.33333333333333,33.33333333333333,33.33333333333333,,,,,,,,,84.91666666666664
0.0,10.3,0.0,0,0,palm oil,peas,0,0,0,0,0,0,0,0,0,41.2,250731.90695625,50.0,50.0,,,,,,,,,,201.5
0.0,26.1,0.0,0,0,palm oil,rapeseed oil,0,0,0,0,0,0,0,0,0,104.4,584638.97,100.0,0.0,,,,,,,,,,6.4
0.0,27.4,0.0,0,0,palm oil,rapeseed oil,0,0,0,0,0,0,0,0,0,109.6,576856.52,100.0,0.0,,,,,,,,,,6.4
0.0,24.7,0.0,0,0,palm oil,rapeseed oil,0,0,0,0,0,0,0,0,0,98.8,593084.3302094594,99.99999937625252,6.237474897696771e-07,,,,,,,,,,6.400001442727945
0.0,25.4,0.0,0,0,palm oil,rapeseed oil,0,0,0,0,0,0,0,0,0,101.6,588853.3202727317,99.99999918484372,8.151562713137196e-07,,,,,,,,,,6.400001885456454
0.0,29.9,0.0,0,0,rice,olive oil,0,0,0,0,0,0,0,0,0,119.6,257063.49836875,50.0,50.0,,,,,,,,,,2195.1000000000004
0.0,3.7,0.0,1,0,rapeseed oil,maize,0,0,0,0,0,0,0,0,0,14.8,377684.4023879359,50.0,50.0,,,,,,,,,,226.7
0.0,4.5,0.0,0,0,chicken,rapeseed oil,0,0,0,0,0,0,0,0,0,18.0,285908.6909,50.0,50.0,,,,,,,,,,448.85
0.0,3.6,0.0,0,0,animal fats,palm oil,onion,0,0,0,0,0,0,0,0,14.4,347123.15275672363,33.33333333333333,33.33333333333333,33.33333333333333,,,,,,,,,416.19999999999993
0.0,4.2,0.0,0,0,maize,palm oil,onion,rapeseed oil,0,0,0,0,0,0,0,16.8,273934.06209947704,25.0,25.0,25.0,25.0,,,,,,,,118.525
0.0,0.7,0.0,6,g,sunflower oil,olive oil,0,0,0,0,0,0,0,0,0,2.8,786513.93,50.0,50.0,,,,,,,,,,1574.8500000000001
0.0,0.0,0.0,0,0,fish,sunflower oil,0,0,0,0,0,0,0,0,0,0.0,256717.0354324169,50.0,50.0,,,,,,,,,,2349.6
0.0,0.0,0.0,6,g,sunflower oil,olive oil,0,0,0,0,0,0,0,0,0,0.0,791456.0,50.0,50.0,,,,,,,,,,1574.8500000000001
0.0,0.0,0.0,55,g,fish,sunflower oil,0,0,0,0,0,0,0,0,0,0.0,256717.0354324169,50.0,50.0,,,,,,,,,,2349.6
0.0,3.0,0.0,0,0,chicken,animal fats,0,0,0,0,0,0,0,0,0,12.0,302067.4409,50.0,50.0,,,,,,,,,,943.95
0.0,0.7,0.0,112,ml,palm oil,chicken,animal fats,0,0,0,0,0,0,0,0,2.8,436651.7259555556,33.33333333333333,33.33333333333333,33.33333333333333,,,,,,,,,631.4333333333332
0.0,15.1,0.0,0,0,palm oil,sunflower oil,onion,0,0,0,0,0,0,0,0,60.4,289103.67609017,33.33333333333333,33.33333333333333,33.33333333333333,,,,,,,,,342.86666666666656
0.0,7.7,0.0,0,0,tomato,palm oil,sunflower oil,0,0,0,0,0,0,0,0,30.8,314966.2665,33.33333333333333,33.33333333333333,33.33333333333333,,,,,,,,,461.36666666666656
0.0,10.4,0.0,0,0,palm oil,chicken,0,0,0,0,0,0,0,0,0,41.6,250413.9609,50.0,50.0,,,,,,,,,,333.2
0.0,10.5,0.0,0,0,palm oil,beef,0,0,0,0,0,0,0,0,0,42.0,289722.596225,50.0,50.0,,,,,,,,,,728.8000000000001
0.0,31.0,0.0,125,g,rice,sunflower oil,0,0,0,0,0,0,0,0,0,124.0,252622.67186875,50.0,50.0,,,,,,,,,,1628.15
0.0,28.0,0.0,125,g,rice,sunflower oil,0,0,0,0,0,0,0,0,0,112.0,264830.91686875,50.0,50.0,,,,,,,,,,1628.15
0.0,26.0,0.0,161,g,rice,animal fats,0,0,0,0,0,0,0,0,0,104.0,282580.74686875,50.0,50.0,,,,,,,,,,1738.15
0.0,30.2,0.0,0,0,rice,sunflower oil,0,0,0,0,0,0,0,0,0,120.8,255848.28386875,50.0,50.0,,,,,,,,,,1628.15
0.0,31.7,0.0,0,0,rice,sunflower oil,0,0,0,0,0,0,0,0,0,126.8,249818.11136875,50.0,50.0,,,,,,,,,,1628.15
0.0,27.9,0.0,0,0,rice,sunflower oil,0,0,0,0,0,0,0,0,0,111.6,265243.1283687499,50.0,50.0,,,,,,,,,,1628.15
0.0,21.4,0.0,125,g,rice,sunflower oil,0,0,0,0,0,0,0,0,0,85.6,292766.17586875,50.0,50.0,,,,,,,,,,1628.15
0.0,23.4,0.0,125,g,rice,sunflower oil,0,0,0,0,0,0,0,0,0,93.6,284144.54586875,50.0,50.0,,,,,,,,,,1628.15
0.0,25.5,0.0,0,0,rice,sunflower oil,0,0,0,0,0,0,0,0,0,102.0,275238.20436875,50.0,50.0,,,,,,,,,,1628.15
0.0,10.5,0.0,0,0,rapeseed oil,maize,0,0,0,0,0,0,0,0,0,42.0,344738.24372217583,50.0,50.0,,,,,,,,,,226.7
0.0,0.0,0.0,0,0,rapeseed oil,maize,0,0,0,0,0,0,0,0,0,0.0,396271.4387207759,50.0,50.0,,,,,,,,,,226.7
0.0,6.8,0.0,94,g,sunflower oil,maize,butter,0,0,0,0,0,0,0,0,27.2,335641.0267482888,33.33333333333333,33.33333333333333,33.33333333333333,,,,,,,,,411.4166666666666
0.0,17.4,0.0,228,g,sunflower oil,maize,butter,0,0,0,0,0,0,0,0,69.6,288232.3618603421,33.33333333333333,33.33333333333333,33.33333333333333,,,,,,,,,411.4166666666666
0.0,7.2,0.0,0,0,tomato,sunflower oil,olive oil,0,0,0,0,0,0,0,0,28.8,325448.2909444444,33.33333333333333,33.33333333333333,33.33333333333333,,,,,,,,,1173.1666666666665
0.0,5.4,0.0,108,g,cheese,rapeseed oil,maize,0,0,0,0,0,0,0,0,21.6,266856.77401849686,33.33333333333333,33.33333333333333,33.33333333333333,,,,,,,,,2019.5333333333328
0.0,5.3,0.0,120,g,sunflower oil,maize,cheese,butter,0,0,0,0,0,0,0,21.2,273265.4562846226,25.0,25.0,25.0,25.0,,,,,,,,1709.8624999999997
0.0,6.9,0.0,0,0,tomato,sunflower oil,olive oil,0,0,0,0,0,0,0,0,27.6,326805.9589444444,33.33333333333333,33.33333333333333,33.33333333333333,,,,,,,,,1173.1666666666665
0.0,5.8,0.0,94,g,sunflower oil,maize,butter,cheese,0,0,0,0,0,0,0,23.2,271172.35527884966,25.0,25.0,25.0,25.0,,,,,,,,1709.8625
0.0,6.8,0.0,101,g,sunflower oil,maize,butter,0,0,0,0,0,0,0,0,27.2,335641.0267482888,33.33333333333333,33.33333333333333,33.33333333333333,,,,,,,,,411.4166666666666
0.0,9.0,0.0,0,0,tomato,sunflower oil,olive oil,0,0,0,0,0,0,0,0,36.0,317366.54294444434,33.33333333333333,33.33333333333333,33.33333333333333,,,,,,,,,1173.1666666666665
0.0,0.7,0.0,48,g,sunflower oil,cheese,nuts,rice,0,0,0,0,0,0,0,2.8,287119.8741894581,25.0,25.0,25.0,25.0,,,,,,,,3248.825
0.0,4.5,0.0,47,g,sunflower oil,cheese,olive oil,nuts,0,0,0,0,0,0,0,18.0,424817.32754741353,25.0,25.0,25.0,25.0,,,,,,,,3222.175
0.0,4.5,0.0,48,g,sunflower oil,cheese,olive oil,nuts,0,0,0,0,0,0,0,18.0,424817.32754741353,25.0,25.0,25.0,25.0,,,,,,,,3222.175
0.0,5.4,0.0,0,0,tofu,olive oil,0,0,0,0,0,0,0,0,0,21.6,417986.543325,50.0,50.0,,,,,,,,,,1145.2
0.0,6.8,0.0,94,g,maize,sunflower oil,butter,0,0,0,0,0,0,0,0,27.2,335641.0267482888,33.33333333333333,33.33333333333333,33.33333333333333,,,,,,,,,411.4166666666666
0.0,10.4,0.0,0,0,sunflower oil,olive oil,0,0,0,0,0,0,0,0,0,41.6,719745.92,50.0,50.0,,,,,,,,,,1574.8500000000001
0.0,7.0,0.0,0,0,tomato,sunflower oil,olive oil,0,0,0,0,0,0,0,0,28.0,326353.0629444444,33.33333333333333,33.33333333333333,33.33333333333333,,,,,,,,,1173.1666666666665
0.0,2.4,0.0,0,0,sunflower oil,olive oil,wine,0,0,0,0,0,0,0,0,9.6,373381.43503333314,33.33333333333333,33.33333333333333,33.33333333333333,,,,,,,,,1076.1999999999998
0.0,7.0,0.0,0,0,sunflower oil,tomato,olive oil,0,0,0,0,0,0,0,0,28.0,326353.0629444444,33.33333333333333,33.33333333333333,33.33333333333333,,,,,,,,,1173.1666666666665
0.0,10.0,0.0,0,0,sunflower oil,maize,0,0,0,0,0,0,0,0,0,40.0,347107.20538877585,50.0,50.0,,,,,,,,,,611.8
0.0,8.8,0.0,0,0,sunflower oil,maize,0,0,0,0,0,0,0,0,0,35.2,352827.3933886158,50.0,50.0,,,,,,,,,,611.8
0.0,52.5,0.0,0,0,rapeseed oil,palm oil,0,0,0,0,0,0,0,0,0,210.0,437860.25,100.0,0.0,,,,,,,,,,237.7
0.0,0.0,0.0,0,0,root,animal fats,sunflower oil,0,0,0,0,0,0,0,0,0.0,382605.7448837239,33.33333333333333,33.33333333333333,33.33333333333333,,,,,,,,,754.7333333333331
0.0,2.3,0.0,0,0,rapeseed oil,egg,0,0,0,0,0,0,0,0,0,9.2,257359.802025,50.0,50.0,,,,,,,,,,407.70000000000005
0.0,10.7,0.0,0,0,palm oil,chicken,rapeseed oil,0,0,0,0,0,0,0,0,42.8,378449.9926222222,33.33333333333333,33.33333333333333,33.33333333333333,,,,,,,,,301.36666666666656
0.0,10.1,0.0,0,0,palm oil,pork,0,0,0,0,0,0,0,0,0,40.4,339489.31825,50.0,50.0,,,,,,,,,,901.1
0.0,10.8,0.0,0,0,palm oil,pork,0,0,0,0,0,0,0,0,0,43.2,336271.62824999995,50.0,50.0,,,,,,,,,,901.1
0.0,10.8,0.0,0,0,palm oil,beef,0,0,0,0,0,0,0,0,0,43.2,288447.626225,50.0,50.0,,,,,,,,,,728.8000000000001
0.0,11.0,0.0,0,0,palm oil,rice,0,0,0,0,0,0,0,0,0,44.0,327151.97186875,50.0,50.0,,,,,,,,,,1127.4
0.0,11.1,0.0,15,ml,rapeseed oil,maize,0,0,0,0,0,0,0,0,0,44.4,341906.7097222559,50.0,50.0,,,,,,,,,,226.7
0.0,18.0,0.0,0,0,sunflower oil,maize,0,0,0,0,0,0,0,0,0,72.0,310223.81872317585,50.0,50.0,,,,,,,,,,611.8
0.0,11.4,0.0,0,0,maize,rapeseed oil,0,0,0,0,0,0,0,0,0,45.6,340495.5327222958,50.0,50.0,,,,,,,,,,226.7
0.0,2.1,0.0,0,0,rapeseed oil,egg,olive oil,sunflower oil,0,0,0,0,0,0,0,8.4,482583.9460062501,25.0,25.0,25.0,25.0,,,,,,,,991.2750000000001
0.0,11.2,0.0,0,0,rapeseed oil,maize,0,0,0,0,0,0,0,0,0,44.8,341435.9773889359,50.0,50.0,,,,,,,,,,226.7
0.0,3.9,0.0,0,0,rapeseed oil,maize,0,0,0,0,0,0,0,0,0,15.6,376692.9577212958,50.0,50.0,,,,,,,,,,226.7
0.0,67.6,0.0,0,0,rapeseed oil,olive oil,0,0,0,0,0,0,0,0,0,270.4,391074.72,50.0,50.0,,,,,,,,,,1189.75
0.0,14.4,0.0,0,0,rapeseed oil,wine,olive oil,0,0,0,0,0,0,0,0,57.6,317554.8750333332,33.33333333333333,33.33333333333333,33.33333333333333,,,,,,,,,819.4666666666666
0.0,68.8,0.0,0,0,rapeseed oil,olive oil,0,0,0,0,0,0,0,0,0,275.2,385370.88,50.0,50.0,,,,,,,,,,1189.75
0.0,17.8,0.0,15,ml,sunflower oil,olive oil,0,0,0,0,0,0,0,0,0,71.2,670960.6799999999,50.0,50.0,,,,,,,,,,1574.8500000000001
0.0,1.4,0.0,0,0,chicken,animal fats,0,0,0,0,0,0,0,0,0,5.6,309096.5609,50.0,50.0,,,,,,,,,,943.95
0.0,1.1,0.0,0,0,beef,animal fats,palm oil,root,0,0,0,0,0,0,0,4.4,277792.93743615726,25.0,25.0,25.0,25.0,,,,,,,,678.4750000000001
0.0,1.4,0.0,0,0,beef,animal fats,onion,sunflower oil,0,0,0,0,0,0,0,5.6,276155.35773593484,25.0,25.0,25.0,25.0,,,,,,,,925.3250000000002
0.0,17.4,0.0,15,g,rapeseed oil,maize,0,0,0,0,0,0,0,0,0,69.6,312914.5927230958,50.0,50.0,,,,,,,,,,226.7
0.0,9.7,0.0,0,0,rapeseed oil,olive oil,onion,0,0,0,0,0,0,0,0,38.8,320699.50394195865,33.33333333333333,33.33333333333333,33.33333333333333,,,,,,,,,797.9333333333333
0.0,4.0,0.0,15,g,olive oil,rapeseed oil,wine,0,0,0,0,0,0,0,0,16.0,365655.0136999999,33.33333333333333,33.33333333333333,33.33333333333333,,,,,,,,,819.4666666666666
0.0,48.4,0.0,104,g,palm oil,rapeseed oil,0,0,0,0,0,0,0,0,0,193.6,459101.12,100.0,0.0,,,,,,,,,,6.4
0.0,52.6,0.0,50,g,palm oil,rapeseed oil,0,0,0,0,0,0,0,0,0,210.4,437349.3201086675,99.999999620977,3.790230141027806e-07,,,,,,,,,,6.400000876680233
0.0,61.1,0.0,19,g,palm oil,rapeseed oil,0,0,0,0,0,0,0,0,0,244.4,395162.9700456358,99.9999998320633,1.6793669692719004e-07,,,,,,,,,,6.400000388437579
0.0,55.8,0.0,72,g,palm oil,rapeseed oil,0,0,0,0,0,0,0,0,0,223.2,421179.0801005705,99.99999964219025,3.5780977677285497e-07,,,,,,,,,,6.400000827614016
0.0,52.6,0.0,92,g,palm oil,rapeseed oil,0,0,0,0,0,0,0,0,0,210.4,437349.3201086675,99.999999620977,3.790230141027806e-07,,,,,,,,,,6.400000876680233
0.0,56.2,0.0,60,g,palm oil,rapeseed oil,0,0,0,0,0,0,0,0,0,224.8,419182.2800000001,100.0,0.0,,,,,,,,,,6.4
0.0,50.0,0.0,67,g,palm oil,rapeseed oil,0,0,0,0,0,0,0,0,0,200.0,450744.0,100.0,0.0,,,,,,,,,,6.4
0.0,61.7,0.0,58,g,palm oil,rapeseed oil,0,0,0,0,0,0,0,0,0,246.8,392277.93005067226,99.99999981280276,1.871972556414451e-07,,,,,,,,,,6.4000004329872535
0.0,66.5,0.0,23,g,palm oil,rapeseed oil,0,0,0,0,0,0,0,0,0,266.0,369638.25,100.0,0.0,,,,,,,,,,6.4
0.0,59.2,0.0,50,g,olive oil,rapeseed oil,palm oil,0,0,0,0,0,0,0,0,236.8,404379.68000000005,100.0,0.0,0.0,,,,,,,,,2141.8
0.0,52.5,0.0,56,g,palm oil,rapeseed oil,0,0,0,0,0,0,0,0,0,210.0,437860.25,100.0,0.0,,,,,,,,,,6.4
0.0,61.7,0.0,64,g,rapeseed oil,palm oil,0,0,0,0,0,0,0,0,0,246.8,392277.93005067226,99.99999981280276,1.871972556414451e-07,,,,,,,,,,237.69999956701275
0.0,69.8,0.0,57,g,palm oil,rapeseed oil,0,0,0,0,0,0,0,0,0,279.2,354527.87999999995,100.0,0.0,,,,,,,,,,6.4
0.0,63.0,0.0,24,g,palm oil,rapeseed oil,0,0,0,0,0,0,0,0,0,252.0,386069.0,100.0,0.0,,,,,,,,,,6.4
0.0,55.2,0.0,33.0,g,palm oil,rapeseed oil,0,0,0,0,0,0,0,0,,220.8,424184.48,100.0,0.0,,,,,,,,,,6.4
0.0,67.3,0.0,33.0,g,palm oil,rapeseed oil,0,0,0,0,0,0,0,0,,269.2,365941.13,100.0,0.0,,,,,,,,,,6.4
0.0,55.0,0.0,0.0,0,rapeseed oil,palm oil,0,0,0,0,0,0,0,0,,220.0,425189.0,100.0,0.0,,,,,,,,,,237.7
0.0,53.0,0.0,15.0,g,rapeseed oil,palm oil,0,0,0,0,0,0,0,0,,212.0,435309.0,100.0,0.0,,,,,,,,,,237.7
0.0,57.0,0.0,15.0,g,rapeseed oil,palm oil,butter,0,0,0,0,0,0,0,,228.0,302299.8286499999,33.33333333333333,33.33333333333333,33.33333333333333,,,,,,,,,84.91666666666664
0.0,57.0,0.0,15.0,g,rapeseed oil,palm oil,0,0,0,0,0,0,0,0,,228.0,415205.0,100.0,0.0,,,,,,,,,,237.7
0.0,7.6,0.0,45.0,g,rapeseed oil,butter,0,0,0,0,0,0,0,0,,30.4,483647.5044624999,50.0,50.0,,,,,,,,,,124.175
0.0,72.3,0.0,37.0,g,palm oil,rapeseed oil,0,0,0,0,0,0,0,0,,289.2,343327.12999999995,100.0,0.0,,,,,,,,,,6.4
0.0,7.5,0.0,45.0,g,rice,rapeseed oil,0,0,0,0,0,0,0,0,,30.0,356443.67436875,50.0,50.0,,,,,,,,,,1243.05
0.0,7.4,0.0,45.0,g,rapeseed oil,cane,0,0,0,0,0,0,0,0,,29.6,375069.287025,50.0,50.0,,,,,,,,,,428.9
0.0,7.3,0.0,45.0,g,butter,rapeseed oil,0,0,0,0,0,0,0,0,,29.2,283689.0978499999,0.0,100.0,,,,,,,,,,237.7
0.0,51.7,0.0,38.0,g,butter,sunflower oil,palm oil,0,0,0,0,0,0,0,,206.8,325095.4819833333,33.33333333333333,33.33333333333333,33.33333333333333,,,,,,,,,341.6499999999999
0.0,7.4,0.0,45.0,g,rapeseed oil,butter,0,0,0,0,0,0,0,0,,29.6,484751.59446249984,50.0,50.0,,,,,,,,,,124.175
0.0,69.0,0.0,25.0,g,palm oil,rapeseed oil,0,0,0,0,0,0,0,0,,276.0,358157.0,100.0,0.0,,,,,,,,,,6.4
0.0,54.0,0.0,18.0,g,butter,palm oil,0,0,0,0,0,0,0,0,,216.0,253261.81946249996,50.0,50.0,,,,,,,,,,8.525
0.0,57.0,0.0,20.0,g,palm oil,butter,rapeseed oil,0,0,0,0,0,0,0,,228.0,302299.8286499999,33.33333333333333,33.33333333333333,33.33333333333333,,,,,,,,,84.91666666666664
0.0,63.0,0.0,28.0,g,palm oil,butter,sunflower oil,0,0,0,0,0,0,0,,252.0,277646.02864999993,33.33333333333333,33.33333333333333,33.33333333333333,,,,,,,,,341.6499999999999
0.0,69.0,0.0,28.4,g,palm oil,rapeseed oil,0,0,0,0,0,0,0,0,,276.0,358157.0,100.0,0.0,,,,,,,,,,6.4
0.0,0.0,0.0,0.0,0,palm oil,milk chocolate,butter,0,0,0,0,0,0,0,,0.0,305772.28253888886,33.33333333333333,33.33333333333333,33.33333333333333,,,,,,,,,555.9560606666665
0.0,68.0,0.0,14.2,g,palm oil,rapeseed oil,0,0,0,0,0,0,0,0,,272.0,362724.0,100.0,0.0,,,,,,,,,,6.4
0.0,0.0,0.0,0.0,0,butter,rapeseed oil,0,0,0,0,0,0,0,0,,0.0,315479.13785,0.0,100.0,,,,,,,,,,237.7
0.0,68.0,0.0,11.0,g,palm oil,rapeseed oil,0,0,0,0,0,0,0,0,,272.0,362724.0,100.0,0.0,,,,,,,,,,6.4
0.0,64.0,0.0,25.0,g,palm oil,rapeseed oil,0,0,0,0,0,0,0,0,,256.0,381332.0000423285,99.99999984125203,1.5874795529508212e-07,,,,,,,,,,6.4000003671840195
0.0,69.0,0.0,11.0,g,palm oil,rapeseed oil,0,0,0,0,0,0,0,0,,276.0,358157.0,100.0,0.0,,,,,,,,,,6.4
0.0,63.0,0.0,20.5,g,butter,rapeseed oil,palm oil,0,0,0,0,0,0,0,,252.0,277646.02864999993,33.33333333333333,33.33333333333333,33.33333333333333,,,,,,,,,84.91666666666663
0.0,71.8,0.0,9.6,g,palm oil,rapeseed oil,0,0,0,0,0,0,0,0,,287.2,345550.2799999999,100.0,0.0,,,,,,,,,,6.4
0.0,66.0,0.0,25.0,g,palm oil,rapeseed oil,0,0,0,0,0,0,0,0,,264.0,371960.00002318143,99.99999991189816,8.810185319376045e-08,,,,,,,,,,6.400000203779588
0.0,69.0,0.0,11.0,g,rapeseed oil,palm oil,0,0,0,0,0,0,0,0,,276.0,358157.0,100.0,0.0,,,,,,,,,,237.7
0.0,66.0,0.0,5.0,g,palm oil,rapeseed oil,0,0,0,0,0,0,0,0,,264.0,371960.00002318143,99.99999991189816,8.810185319376045e-08,,,,,,,,,,6.400000203779588
0.0,67.0,0.0,11.0,g,palm oil,rapeseed oil,0,0,0,0,0,0,0,0,,268.0,367325.0,100.0,0.0,,,,,,,,,,6.4
0.0,52.1,0.0,24.0,g,cheese,palm oil,rapeseed oil,0,0,0,0,0,0,0,,208.4,250381.48320328133,33.33333333333333,33.33333333333333,33.33333333333333,,,,,,,,,1949.7666666666664
0.0,61.1,0.0,6.0,g,palm oil,olive oil,0,0,0,0,0,0,0,0,,244.4,395162.9700456358,99.9999998320633,1.6793669692719004e-07,,,,,,,,,,6.400003586120226
0.0,54.5,0.0,18.6,g,butter,rapeseed oil,0,0,0,0,0,0,0,0,,218.0,262291.2294625,50.0,50.0,,,,,,,,,,124.175
0.0,0.0,0.0,0.0,0,palm oil,milk,nuts,sunflower oil,0,0,0,0,0,0,,0.0,348661.38237026444,25.0,25.0,25.0,25.0,,,,,,,,1444.075
0.0,53.5,0.0,15.0,g,palm oil,butter,0,0,0,0,0,0,0,0,,214.0,255191.79446249997,50.0,50.0,,,,,,,,,,8.525
0.0,33.0,0.0,45.0,g,butter,palm oil,0,0,0,0,0,0,0,0,,132.0,341639.2694624999,50.0,50.0,,,,,,,,,,8.525
0.0,45.0,0.0,40.0,g,rapeseed oil,sunflower seeds,0,0,0,0,0,0,0,0,,180.0,313983.985,50.0,50.0,,,,,,,,,,399.39285714999994
0.0,15.3,0.0,0.0,0,rapeseed oil,maize,0,0,0,0,0,0,0,0,,61.2,322428.6917228158,50.0,50.0,,,,,,,,,,226.7
0.0,5.3,0.0,120.0,g,maize,rapeseed oil,0,0,0,0,0,0,0,0,,21.2,369790.9250548158,50.0,50.0,,,,,,,,,,226.7
0.0,18.0,0.0,89.0,g,chicken,rapeseed oil,bread,sunflower oil,0,0,0,0,0,0,,72.0,261518.49463381252,25.0,25.0,25.0,25.0,,,,,,,,638.275
0.0,18.0,0.0,0.0,0,chicken,maize,rapeseed oil,sunflower oil,0,0,0,0,0,0,,72.0,269119.24740932626,25.0000000075,24.9999999975,24.9999999975,25.0000000075,,,,,,,,530.3250001137576
0.0,15.3,0.0,84.0,g,chicken,rapeseed oil,sunflower oil,0,0,0,0,0,0,0,,61.2,365171.5481777776,33.33333333333333,33.33333333333333,33.33333333333333,,,,,,,,,635.1999999999998
0.0,20.0,0.0,88.0,g,chicken,rapeseed oil,bread,sunflower oil,palm oil,0,0,0,0,0,,80.0,314062.47226650896,20.000000112886237,19.999999971778443,19.999999971778443,19.999999971778443,20.000000112886237,,,,,,,511.9000002180116
0.0,21.0,0.0,88.0,g,chicken,bread,sunflower oil,rapeseed oil,palm oil,0,0,0,0,0,,84.0,309635.9586645072,20.000000115148048,19.99999997121299,19.99999997121299,19.99999997121299,20.000000115148048,,,,,,,511.90000022237973
0.0,22.2,0.0,0.0,0,chicken,rapeseed oil,maize,sunflower oil,0,0,0,0,0,0,,88.8,252076.43841042256,25.0,25.0,25.0,25.0,,,,,,,,530.325
0.0,23.9,0.0,0.0,0,chicken,rapeseed oil,sunflower oil,0,0,0,0,0,0,0,,95.6,325425.7881777776,33.33333333333333,33.33333333333333,33.33333333333333,,,,,,,,,635.1999999999998
0.0,15.4,0.0,119.0,g,chicken,rapeseed oil,palm oil,animal fats,0,0,0,0,0,0,,61.6,434374.930225,25.0,25.0,25.0,25.0,,,,,,,,533.0
0.0,16.4,0.0,120.0,g,fish,rapeseed oil,maize,palm oil,sunflower oil,0,0,0,0,0,,65.6,316107.43685662764,20.000003961676644,19.99999900958084,19.99999900958084,19.99999900958084,20.000003961676644,,,,,,,1031.8001816131616
0.0,13.8,0.0,116.0,g,fish,rapeseed oil,maize,palm oil,sunflower oil,0,0,0,0,0,,55.2,327840.5995502042,20.0,20.0,20.0,20.0,20.0,,,,,,,1031.8
0.0,16.2,0.0,121.0,g,rapeseed oil,maize,palm oil,sunflower oil,0,0,0,0,0,0,,64.8,474703.494007324,25.0,25.0,25.0,25.0,,,,,,,,366.92499999999995
0.0,17.0,0.0,103.0,g,rapeseed oil,bread,0,0,0,0,0,0,0,0,,68.0,298300.70054525,50.0,50.0,,,,,,,,,,442.6
0.0,20.3,0.0,178.0,g,fish,rapeseed oil,maize,palm oil,sunflower oil,0,0,0,0,0,,81.2,298938.6619277242,20.0,20.0,20.0,20.0,20.0,,,,,,,1031.8
0.0,21.9,0.0,115.0,g,fish,rapeseed oil,maize,palm oil,sunflower oil,0,0,0,0,0,,87.6,292044.6588206522,20.0,20.0,20.0,20.0,20.0,,,,,,,1031.8
0.0,24.9,0.0,106.0,g,rapeseed oil,maize,palm oil,sunflower oil,0,0,0,0,0,0,,99.6,428275.842507904,25.0,25.0,25.0,25.0,,,,,,,,366.92499999999995
0.0,15.0,0.0,119.0,g,fish,rapeseed oil,beer,maize,sunflower oil,palm oil,0,0,0,0,,60.0,272367.5072405761,16.666666666666664,16.666666666666664,16.666666666666664,16.666666666666664,16.666666666666664,16.666666666666664,,,,,,862.6833333333333
0.0,19.0,0.0,91.0,g,rapeseed oil,maize,palm oil,0,0,0,0,0,0,0,,76.0,400020.6475749004,33.33333333333333,33.33333333333333,33.33333333333333,,,,,,,,,153.2666666666666
0.0,15.0,0.0,104.0,g,fish,rapeseed oil,maize,palm oil,0,0,0,0,0,0,,60.0,252295.93751094412,25.0,25.0,25.0,25.0,,,,,,,,1037.7749999999999
0.0,15.0,0.0,126.0,g,rapeseed oil,beer,maize,sunflower oil,palm oil,0,0,0,0,0,,60.0,376411.4190528545,20.0,20.0,20.0,20.0,20.0,,,,,,,296.96
0.0,19.0,0.0,100.0,g,bread,rapeseed oil,0,0,0,0,0,0,0,0,,76.0,289595.13254525,50.0,50.0,,,,,,,,,,442.6
0.0,20.0,0.0,112.0,g,rapeseed oil,maize,0,0,0,0,0,0,0,0,,80.0,301342.9720567759,50.0,50.0,,,,,,,,,,226.7
0.0,17.2,0.0,112.0,g,fish,bread,rapeseed oil,palm oil,sunflower oil,0,0,0,0,0,,68.8,305981.1226188626,20.00004410954904,19.99998897261274,19.99998897261274,19.99998897261274,20.00004410954904,,,,,,,1118.1619744757438
0.0,0.5,0.0,148.0,g,fish,rapeseed oil,butter,rice,olive oil,0,0,0,0,0,,2.0,317659.26469083305,20.0,20.0,20.0,20.0,20.0,,,,,,,1665.9700000000003
0.0,0.5,0.0,138.0,g,fish,rapeseed oil,butter,rice,olive oil,0,0,0,0,0,,2.0,317659.26469083305,20.0,20.0,20.0,20.0,20.0,,,,,,,1665.9700000000003
0.0,17.3,0.0,0.0,0,rice,butter,rapeseed oil,0,0,0,0,0,0,0,,69.2,287030.2137749999,33.33333333333333,33.33333333333333,33.33333333333333,,,,,,,,,832.2499999999999
0.0,20.1,0.0,0.0,0,rice,butter,rapeseed oil,0,0,0,0,0,0,0,,80.4,275161.6391083333,33.33333333333333,33.33333333333333,33.33333333333333,,,,,,,,,832.2499999999999
0.0,24.2,0.0,9.0,g,palm oil,rice,0,0,0,0,0,0,0,0,,96.8,269256.57386875007,50.0,50.0,,,,,,,,,,1127.4
0.0,22.2,0.0,15.0,g,palm oil,rice,0,0,0,0,0,0,0,0,,88.8,277647.80386875005,50.0,50.0,,,,,,,,,,1127.4
0.0,38.1,0.0,102.0,g,rapeseed oil,cheese,palm oil,0,0,0,0,0,0,0,,152.4,307387.9029756067,33.33333333333333,33.33333333333333,33.33333333333333,,,,,,,,,1949.7666666666664
0.0,22.0,0.0,335.0,g,tomato,rapeseed oil,olive oil,0,0,0,0,0,0,0,,88.0,262269.16294444434,33.33333333333333,33.33333333333333,33.33333333333333,,,,,,,,,916.4333333333332
0.0,7.5,0.0,2.0,0,palm oil,rapeseed oil,tomato,0,0,0,0,0,0,0,,30.0,315855.90516666666,33.33333333333333,33.33333333333333,33.33333333333333,,,,,,,,,204.63333333333327
0.0,15.1,0.0,2.0,0,onion,rapeseed oil,sunflower oil,0,0,0,0,0,0,0,,60.4,296980.3279420054,33.33333333333333,33.33333333333333,33.33333333333333,,,,,,,,,419.9666666666666
0.0,22.7,0.0,2.0,0,palm oil,rapeseed oil,onion,0,0,0,0,0,0,0,,90.8,257846.59875690247,33.33333333333333,33.33333333333333,33.33333333333333,,,,,,,,,86.13333333333331
0.0,11.1,0.0,0.0,0,rapeseed oil,bean oil,0,0,0,0,0,0,0,0,,44.4,715051.37,50.0,50.0,,,,,,,,,,326.15
0.0,2.2,0.0,0.0,0,lamb,rapeseed oil,0,0,0,0,0,0,0,0,,8.8,324920.9956250001,50.0,50.0,,,,,,,,,,1020.25
0.0,14.2,0.0,0.0,0,rapeseed oil,butter,0,0,0,0,0,0,0,0,,56.8,447975.4944625,50.0,50.0,,,,,,,,,,124.175
0.0,17.1,0.0,0.0,0,cheese,rapeseed oil,0,0,0,0,0,0,0,0,,68.4,308124.3864034896,50.0,50.0,,,,,,,,,,2921.45
0.0,30.3,0.0,0.0,0,dark chocolate,palm oil,rapeseed oil,butter,0,0,0,0,0,0,,121.2,266963.7414281249,25.0,25.0,25.0,25.0,,,,,,,,198.8375
0.0,22.0,0.0,0.0,0,cheese,palm oil,rapeseed oil,butter,beef,0,0,0,0,0,,88.0,256442.5878928631,20.0,20.0,20.0,20.0,20.0,,,,,,,1462.23
0.0,28.1,0.0,0.0,0,dark chocolate,palm oil,rapeseed oil,0,0,0,0,0,0,0,,112.4,302873.67222222226,33.33333333333333,33.33333333333333,33.33333333333333,,,,,,,,,261.5666666666666
0.0,23.7,0.0,0.0,0,cheese,palm oil,rapeseed oil,butter,beef,0,0,0,0,0,,94.8,249731.57902373653,20.0,20.0,20.0,20.0,20.0,,,,,,,1462.23
0.0,18.9,0.0,0.0,0,cheese,palm oil,rapeseed oil,butter,beef,0,0,0,0,0,,75.6,268933.26994832914,20.0,20.0,20.0,20.0,20.0,,,,,,,1462.23
0.0,30.1,0.0,0.0,0,cheese,palm oil,rapeseed oil,0,0,0,0,0,0,0,,120.4,342954.999988364,33.33333333333333,33.33333333333333,33.33333333333333,,,,,,,,,1949.7666666666664
0.0,10.7,0.0,0.0,0,rapeseed oil,butter,0,0,0,0,0,0,0,0,,42.8,466708.0194625,50.0,50.0,,,,,,,,,,124.175
0.0,11.7,0.0,0.0,0,rapeseed oil,cheese,0,0,0,0,0,0,0,0,,46.8,332264.1721289064,50.0,50.0,,,,,,,,,,2921.45
0.0,25.9,0.0,0.0,0,dark chocolate,palm oil,rapeseed oil,0,0,0,0,0,0,0,,103.6,312519.7922222222,33.33333333333333,33.33333333333333,33.33333333333333,,,,,,,,,261.5666666666666
100.0,0.0,0.0,0.0,0,milk,0,0,0,0,0,0,0,0,0,,900.0,713310.4638,100.0,,,,,,,,,,,628.2
100.0,0.0,0.0,0.0,0,oatmeal,milk,0,0,0,0,0,0,0,0,,900.0,465996.28325,50.0,50.0,,,,,,,,,,555.3
48.6,38.3,7.2,0.0,0,milk,0,0,0,0,0,0,0,0,0,,619.4000000000001,315005.36180000013,100.0,,,,,,,,,,,628.2
70.0,0.5,0.5,0.0,0,milk,banana,0,0,0,0,0,0,0,0,,634.0,302378.3326,100.0,0.0,,,,,,,,,,628.2
